permit,name,address
203962,"2K AGRI SERVICES, INC.","201 HWY 62/82 LORENZO, TX 79343"
705463,3 TIER TECHNOLOGIES LLC,"250 NATIONAL PLACE #142 LONGWOOD, FL 32750"
203926,"3D AG SERVICES, INC.","P. O. BOX 337 RISING STAR, TX 76471"
706920,3H TRADING COMPANY,"8505 TECHNOLOGY FOREST PLACE STE 1102 THE WOODLANDS, TX 77381"
707303,4C FEED & FERTILIZER,"P. O. BOX 632564 NACOGDOCHES, TX 75963"
705019,"5-J FEED & FARM SUPPLY, INC.","P. O. BOX 151 LEROY, TX 76654"
708599,A & M FARM SUPPLY,"2100 E. LOOP 281 LONGVIEW, TX 75605"
203732,"A-MARC PRODUCTS, INC.","506 WEST 20TH ST. MULESHOE, TX 79347"
701794,"AARON INDUSTRIES, INC.","28966 HIGHWAY 76 E CLINTON, SC 29325"
203330,ABC FERTILIZER & SUPPLY,"601 EAST COLLIN ST. CORSICANA, TX 75110"
201573,"ABILENE AG SERVICE & SUPPLY, INC.","303 SOUTH 14TH ST. ABILENE, TX 79602"
708234,"ABLE AG SOLUTIONS, LLC","335 NORTH BRACBOUND DR. UNIT 3 ST. AUGUSTINE, FL 32084"
203872,ACADIAN SEAPLANTS LIMITED,"30 BROWN AVENUEDARTMOUTH, NOVA SCOTIA, CANADAB3B 1X8 Canada"
700798,"ACCELEGROW TECHNOLOGIES, INC.","P. O. BOX 569 WEST POINT, GA 31833"
708087,ACELA BIOTEK,"720 OLIVE DRIVE, SUITE C DAVIS, CA 95616"
706972,"ACTAGRO, LLC.","677 W. PALMDON DR. #108 FRESNO, CA 93704"
703707,ADVAN LLC,"2525 MERIDAN PARKWAY, SUITE 350 DURHAM, NC 27713"
707293,ADVANCED BIOLOGICAL MARKETING,"375 BONNEWITZ AVE. VAN WERT, OH 45891"
700850,ADVANCED MARINE TECHNOLOGIES (AMT),"33 CAPE ST. NEW BEDFORD, MA 02740"
203418,"ADVANCED MICROBIAL SOLUTIONS, L.L.C.","P. O. BOX 519 PILOT POINT, TX 76258"
706447,"ADVANCED MICRONUTRIENT PRODUCTS, INC.","2405 W. VASSAR ROAD REESE, MI 48757"
204117,ADVANCED NUTRIENTS,"#109-31063 WHEEL AVE.ABBOTSFORD, BC, CANADA V2T 6H1 Canada"
704850,"ADVANCING ECO-AGRICULTURE, LLC","4551 PARKS WEST ROAD MIDDLEFIELD, OH 44062"
707095,ADVANSIX,"905 E. RANDOLPH ROAD HOPEWELL, VA 23860"
702111,"AEROGROW INTERNATIONAL, INC.","P.O. BOX 18450 BOULDER, CO 80301"
700213,"AFFILIATED MINERALS, INC.","P. O. BOX 249 SOMERVILLE, TX 77879"
704546,"AG CHEM BROKER, INC.","5113 W. MONTE CRISTO RD EDINBURG, TX 78541"
707357,AG CONCEPTS CORP.,"439 E. SHORE DR., STE 200 EAGLE, ID 83616"
706109,AG ELEMENTS LLC,"9817 HWY 62-82 WOLFFORTH, TX 79382"
708529,"AG FERTILIZER, LLC.","PO BOX 1099 BASTROP, TX 78602"
701730,AG GROW,"1567 WATTERSON ROAD RED ROCK, TX 78662"
708889,AG LOGIC DISTRIBUTORS,"15930 330TH ST. CONRAD, IA 50621"
706927,AG PRODUCERS COOP,"P. O. BOX 430 SUNRAY, TX 79086"
201591,"AG PRODUCTS, INC.","P.O. BOX 786 LEVELLAND, TX 79336"
204065,AG SPECTRUM COMPANY,"P. O. BOX 215 DEWITT, IA 52742"
707370,AG TECHNOLOGIES LLC,"1111 S. CARAHAN ROAD KING HILL, ID 83633"
707837,"AG-CO CHEMICAL, LLC","308 AVE. L. SHALLOWATER, TX 79363"
702517,AGAPE FARMS FERTILIZER & AG SERVICE,"P. O. BOX 423 NEW WAVERLY, TX 77358-0423"
700091,AGE OLD ORGANICS,"P. O. BOX 618 MENDOTA, IL 61342"
203400,"AGPRO SYSTEMS, INC.","242 PR 3341 BIG SANDY, TX 75755-4568"
202870,AGRI NUTRIENTS,"5201 BIRD CREEK AVE. CATOOSA, OK 74015"
203146,"AGRI-GRO MARKETING, INC.","2095 RIPLEY 215-15 DONIPHAN, MO 63935"
708119,AGRICA LLC,"PO BOX 715 BRENHAM, TX 77834"
707416,AGRICEN,"2600 NETWORK BLVD., STE 290 FRISCO, TX 75034"
707618,AGRICULTURAL MANAGEMENT CORPORATION IN AMERICA LLC,"13423 BLANCO ROAD, STE 440 SAN ANTONIO, TX 78216"
708813,"AGRICULTURAL SOLUTIONS, LLC","PO BOX 567 SAFETY HARBOR, FL 34695"
707094,AGRICULTURE ENVISION LLC,"309 JUAREZ AVE. LAREDO, TX 78040-5753"
202715,AGRIENERGY RESOURCES,"21417 1950 E. ST. PRINCETON, IL 61356"
708159,AGRIFARM GROUP,"157 COUNTY ROAD 55 SALIDA, CO 81201"
707284,AGRIGAIN,"P. O. BOX 430 COLUMBUS, TX 78934"
704196,AGRIGUARDIAN MARKETING LLC,"P. O. BOX 6931 JEFFERSON CITY, MO 65102"
708488,AGRINOS INC.,"279 COUSTEAU PLACE, SUITE 100 DAVIS, CA 95618"
708315,AGRIPOWER AUSTRALIA LIMITED,"LEVEL, 88 PHILLIP STREETSYDNEY NEW SOUTH WELLS 2000AUSTRALIA Australia"
707459,AGRIUM U.S. INC.,"5296 HARVEST LAKE DRIVE LOVELAND, CO 80538"
707855,AGRIUM U.S. INC. (A SUBSIDIARY OF NUTRIEN LTD.),"5296 HARVEST LAKE DRIVE LOVELAND, TX 80538"
704881,"AGRO SOLUTIONS USA, LLC","17831 SKY PARK CIRCLE, STE 12C IRVINE, CA 92614"
708280,"AGRO THRIVE, INC.","26775 OLD STAGE ROAD GONZALES, CA 93926"
201274,AGRO-K CORPORATION,"8030 MAIN ST. N.E. MINNEAPOLIS, MN 55432-1844"
707950,AGRO-TECH PARTNERS LLC,"1752 N. US HWY 281 LAMPASAS, TX 76550"
707876,"AGRODYNE SOLUTIONS, LLC.","8711 E. PINNACLE PEAK RD., PMB# 257 SCOTTSDALE, AZ 85255"
706495,"AGROLIQUID DIVISION OF COG MARKETERS, LTD.","3055 W M-21 ST JOHNS, MI 48879"
705617,AGRONOMIC PARTNERS,"P.O. BOX 219 WAXAHACHIE, TX 75168"
706599,"AGROPLANTAE, INC.","1092 E. KAMM AVE. DINUBA, CA 93618"
706541,"AGROPLASMA  INC,","5865 S. KYRENE RD. STE 1 TEMPE, AZ 85283"
704637,"AGROPLUS OPERATING, LP","P. O. BOX 1250 HAWKINS, TX 75765"
705964,AGSCITECH INC,"365 N 600 W. LOGAN, UT 84321"
702265,"AGVERRA, LLC","565 SOUTH MASON, SUITE 201 KATY, TX 77450"
703785,"AGXPLORE INTERNATIONAL,INC","P.O. BOX 638 PARMA, MO 63870"
708533,"AKUSA, INC.","8050 N. PALM AVE., SUITE 300 FRESNO, CA 93711"
705532,AKZO NOBEL FUNCTIONAL CHEMICALS LLC,"525 W. VAN BUREN STREET CHICAGO, IL 60607"
706613,"ALBAUGH, LLC","P. O. BOX 2127 VALDOSTA, GA 31604-2127"
708309,"ALBION LABORATORIES, INC","67 S. MAIN ST., SUITE 100 LAYTON, UT 84041"
708893,"ALGAENERGY, N.A. INC.","3341 REGENT BLVD. #130-200 IRVING, TX 75063"
203409,"ALGOFLASH AMERICA, INC.","6833 PHILLIPS INDUSTRIAL BLVD. JACKSONVILLE, FL 32256-3029"
707086,"ALL STAR TRADING, INC","2100 CLEARWATER DR. STE 320 OAKBROOK, IL 60523"
200019,"ALLIED AGRICULTURAL SERVICES, INC.","P. O. BOX 360 STONEWALL, TX 78671"
703961,ALLIED IMPORTS AND LOGISTICS,"1162 SAMOA BLVD. ARCATA, CA 95521-9404"
706027,"ALTITUDE CROP INNOVATIONS, LLC","1880 FALL RIVER DRIVE, SUITE 100 LOVELAND, CO 80538"
204026,AMERICAN HYDROPONICS,"286 SOUTH G STREET ARCATA, CA 95521-6670"
200024,AMERICAN PLANT FOOD CORPORATION,"P.O. BOX 584 GALENA PARK, TX 77547"
201918,AMERICAN PLANT FOOD CORPORATION,"BOX 706 BUFFALO, TX 75831"
201919,AMERICAN PLANT FOOD CORPORATION,"P.O. BOX 699 COMANCHE, TX 76442"
201920,AMERICAN PLANT FOOD CORPORATION,"3800 DEEN ROAD FORT WORTH, TX 76106"
201921,AMERICAN PLANT FOOD CORPORATION,"BOX 477 MILLICAN, TX 77866"
201923,AMERICAN PLANT FOOD CORPORATION,"P. O. BOX 1032 PARIS, TX 75460"
201926,AMERICAN PLANT FOOD CORPORATION,"BOX 246 WORTHAM, TX 76693"
202195,AMERICAN PLANT FOOD CORPORATION,"P. O. BOX 790 LITTLEFIELD, TX 79339"
202500,AMERICAN PLANT FOOD CORPORATION,"P. O. BOX 627 BARTLETT, TX 76511-0627"
203902,AMERICAN PLANT FOOD CORPORATION,"600 NORTH GEORGIA TROUP, TX 75789"
702352,AMEROPA NORTH AMERICA INC.,"2502 NORTH ROCKY POINT DRIVE, SUITE 580 TAMPA, FL 33607"
705326,"AMTURF ENTERPRISES, LLC","13963 WESTSIDE LANE S JEFFERSON, OR 97352"
700969,ANDERSON FERTILIZER & MILLING COMPANY,"P. O. BOX 643 CARTHAGE, TX 75633"
706306,ANTLER TECHNOLOGIES LLC,"103 SAN REMO DRIVE ISLAMORADA, FL 33036"
706491,"ANUVIA FLORIDA, LLC","6751 WEST JONES AVE. ZELLWOOD, FL 32798"
707594,"APC, INC.","2425 SE OAK TREE COURT ANKENY, IA 50021"
704710,"APTUS USA, LLC","17831 SKY PARK CIRCLE, STE 12C-D IRVINE, CA 92614"
707148,"AQUA YIELD OPERATIONS, LLC","4219 ABINADI ROAD SALT LAKE CITY, UT 84124"
709053,AQUA-AID SOLUTIONS,"5484 S. OLD CARRIAGE ROAD ROCKY MOUNT, NC 27803"
701292,"AQUASCAPE, INC.","901 AQUALAND WAY ST. CHARLES, IL 60174"
702626,AQUATROLS,"1273 IMPERIAL WAY PAULSBORO, NJ 08066"
703127,"ARBORJET, INC.","99 BLUEBERRY HILL ROAD WOBURN, MA 01801"
203936,ARBORSYSTEMS,"P. O. BOX 34645 OMAHA, NE 68134"
707005,ARCHER DANIELS MIDLAND,"121 SOUTH 8TH STREET, SUITE 1700 MINNEAPOLIS, MN 55402-1633"
703200,ARCHIE'S GARDENLAND,"6700 CAMP BOWIE BLVD. FORT WORTH, TX 76116"
704335,ARMAND PRODUCTS COMPANY,"469 NORTH HARRISON STREET PRINCETON, NJ 08543"
706386,ART WILSON CO.,"5251 BRICK ROAD CARSON CITY, NV 89721"
702136,ARYSTA LIFE SCIENCE NORTH AMERICA LLC,"15401 WESTON PARKWAY #150 CARY, NC 27513"
702622,"ARYSTA LIFESCIENCE AMERICA, INC.","1450 BROADWAY 20TH FLOOR NEW YORK, NY 10018"
203925,ATAMI AMERICA INC.,"P.O. BOX 21069PARIS, ONTARIO, CANADAN3L 4A5 Canada"
706276,"ATLANTIC-PACIFIC AGRICULTURAL COMPANY, INC.","427 RIDGE STREET RENO, NV 89505"
203894,ATTEBURY GRAIN INC.,"P. O. DRAWER B TULIA, TX 79088"
703119,ATTEBURY GRAIN LLC,"BOX 818 PLAINVIEW, TX 79073"
202871,AUBREY FERTILIZER & CHEMICAL,"P. O. BOX 426 AUBREY, TX 76227"
704338,AURORA AGRONOMY AURORA COOPERATIVE  ELEVATOR COMPANY,"605 12TH STREET AURORA, NE 68818"
708102,AURORA COOPERATIVE,"222 S. Q STREET AURORA, NE 68818"
701360,AURORA INNOVATIONS,"POST OFFICE BOX 22041 EUGENE, OR 97402"
203919,"AUTOMATION NATION, INC.","1700 GAZIN ST. HOUSTON, TX 77020"
704023,"AZOMITE MINERALS PRODUCTS, INC.","P. O. BOX 21 NEPHI, UT 84648"
203480,B & B FERTILIZER,"P. O. BOX 1169 GRAHAM, TX 76450"
707149,"B & D AG, LLC","P. O. BOX 801 STINNETT, TX 79083"
204173,"BACK TO NATURE, INC.","5407 SLATON HWY SLATON, TX 79364"
701940,"BAICOR, L.C.","P. O. BOX 725 LOGAN, UT 84321"
707386,"BAILEY BROTHERS AG SERVICES, LLC","P. O. BOX 516 HOLLIDAY, TX 76366"
702298,BAILEY NURSERIES,"1325 BAILEY ROAD ST. PAUL, MN 55119"
703997,"BALL DPF, LLC","307 E. MULBERRY STREET SHERMAN, TX 75090"
705904,"BAM AGRICULTURAL SOLUTIONS, INC.","190 NW SPANISH RIVER BLVD., STE 101 BOCA RATON, FL 33431"
203238,"BARTLETT FARM PRODUCTS, LTD.","116 AISNE STREET BARTLETT, TX 76511"
708333,"BARTLETT GRAIN COMPANY, L.P.","4900 MAIN STREET, SUITE 1200 KANSAS CITY, MO 64112"
700537,BARTON'S SPRAYING SERVICE,"1245 CR 239 GATESVILLE, TX 76528"
705411,BASF CORPORATION,"26 DAVIS DRIVE RESEARCH TRIANGLE PARK, NC 27709"
202834,BAT GUANO PRODUCT,"2404 FOREST PARK SAN ANGELO, TX 76901"
204199,BAYER ADVANCED A BUSINESS UNIT OF BAYER CROPSCIENCE LP,"2 T.W. ALEXANDER DRIVE RESEARCH TRIANGLE PARK, NC 27709"
706345,"BAYER ADVANCED, DIVISION OF BAYER CROP SCIENCE LP","2 T.W. ALEXANDER DRIVE RESEARCH TRIANGLE PARK, NC 27709"
701358,BAYER ENVIRONMENTAL SCIENCE A BUSINESS GROUP OF BAYER CROPSCIENCE LP,"P.O. BOX 12014 RESEARCH TRIANGLE PARK, NC 27709"
203120,"BEATY FERTILIZER CO., INC.","P. O. BOX 2516 CLEVELAND, TN 37320-2516"
702748,"BECKER'S FEED AND FERTILIZER, INC.","2433 N. AUSTIN ST. SEGUIN, TX 78155"
200049,BEE COUNTY COOPERATIVE ASSOCIATION,"P. O. BOX 128 TYNAN, TX 78391"
202914,BEECHEM LIQUID FERTILIZER,"6750 FM 438 130 TROY, TX 76579-3109"
707267,"BEEM BIOLOGICS, INC.","38768 W. FARRELL ROAD MARICOPA, AZ 85138"
708649,"BEHRENDS FEED & FERTILIZER, LLC","3599 RANCH ROAD 1376 FREDERICKSBURG, TX 78624"
704766,"BELL FERTILIZER, LLC","5580 AVENUE F HEIDENHEIMER, TX 76533"
701817,"BEN-TREI FERTILIZER COMPANY, LLC.","7304 SOUTH YALE AVENUE TULSA, OK 74136"
702702,"BENJAMIN FERTILIZER, INC.","P. O. BOX 415 KNOX CITY, TX 79529"
708264,BEREND BROS.,"P. O. BOX 170 WINDTHORST, TX 76389"
706857,BERTELS B.V.,OMMELPAD 26035 PC OSPELTHE NETHERLANDS Netherlands
203573,"BETA AG, INC.","P. O. BOX 1187 RALLS, TX 79357"
203709,BEYER FERTILIZER & FEED,"10893 N. STATE HWY 16 FREDERICKSBURG, TX 78624"
203045,BIGGS FARM SUPPLY,"6250 HWY 67 COMANCHE, TX 76442"
707256,"BIGYIELD, US (AG MAXX, INC.)","28706 S. STATE ROUTE 7 GARDEN CITY, MO 64747"
706950,"BIO HUMA NETICS, INC.","1331 WEST HOUSTON AVENUE GILBERT, AZ 85233"
204156,"BIO S.I. TECHNOLOGY, INC.","P. O. BOX 784 ARGYLE, TX 76226"
706796,BIO-GRO INC,"681 GLADE ROAD MABTON, WA 98935"
708613,BIOAG INNOVATIONS,"P. O. BOX 35 AMERICAN FORK, UT 84003"
705606,BIOCYCLE RESOURCES LIMITED A WHOLLY OWNED SUBSIDIARY OF CK LIFE SCIENCES PRODUCTS LIMITED,"2 DAI FU STREETTAI PO INDUSTRIAL ESTATENEW TERRITORIES, HONG KONG HongKong"
703677,"BIOFAC CROP CARE, INC.","P. O. BOX 87 MATHIS, TX 78368"
706273,BIOFEED SOLUTIONS. INC.,"P.O. BOX 3434 GLENDALE, AZ 85311"
203879,BIOLOGIC,"P. O. BOX 757 WEST POINT, MS 39773"
706853,"BIOMASSTERS GLOBAL, INC.","4894 W. LONE MOUNTAIN RD. STE 191 LAS VEGAS, NV 89130"
703396,BIOPLUS MANUFACTURING,"P. O. BOX 303 HAWKINS, TX 75765"
706503,"BIOPRO TECHNOLOGIES, LLC","4060 SE 45TH CT. OCALA, FL 34480"
706700,"BIOSAFE SYSTEMS, LLC","22 MEADOW ST. EAST HARTFORD, CT 06105"
708516,"BIOSAPHE, INC.","96 N. 1800 W. #12 LINDON, UT 84042"
703189,"BIOSCIENTIFIC, INC.","4405 S. LITCHFIELD ROAD AVONDALE, AZ 85323"
708254,"BIOTECHNICA SERVICES, LTD.","UNIT 9A KINGS CLIFFE INDUSTRIAL ESTATEWANSFORD, PETERBOROUGH, CAMBRIDGESHIREPE8 6PB, UNITED KINGDOM United Kingdom"
708212,BIOTECHNOLOGIES ULYSSE INC.,"1100 PLACE DU TECHNOPARC, LOCAL 115TROIS-RIVIERES, QUEBEC G9A 0A9CANADA Canada"
705556,"BIOWISH TECHNOLOGIES, INC","2724 ERIE AVENUE, SUITE C CINCINNATI, OH 45208"
704648,"BIOWORKS, INC.","100 RAWSON ROAD, SUITE 205 VICTOR, NY 14564"
707890,BLACK EARTH HUMIC LP,"#12, 50025 RANGE ROAD 173,EQUITY INDUSTRIAL PARK, RYLEY,ALBERTA T0B 4A0 Canada"
203361,BLACK GOLD COMPOST COMPANY,"P. O. BOX 190 OXFORD, FL 34484-0190"
703481,"BLACK GOLD ENVIROSAFE, INC.","P. O. BOX 190 OXFORD, FL 34484"
707076,BLOOM BROTHERS GARDEN SUPPLY INC,"3920 GILMAN ST. LONG BEACH, CA 90815"
708503,BLUAGRI S.R.L.,"VIA MAJJIOR PIOVESANA 13/MCONEGLIANO, VENETO, ITALY 31015 Italy"
204194,"BOEDEKER AG SUPPLY, LLC","862 FM 958 SHINER, TX 77984"
708850,"BOHUSLAV AG SUPPLY, LLC","886 W. FAIRWINDS HALLETTSVILLE, TX 77964"
201995,"BOHUSLAV FEED MILL, INC.","5040 FM 1295 MOULTON, TX 77975"
700243,"BOLTON'S CROWN QUALITY, INC.","P. O. BOX 1539 VERNON, TX 76384"
203777,"BONIDE PRODUCTS, INC.","6301 SUTLIFF RD. ORISKANY, NY 13424"
708537,BONTERA,"P. O. BOX 250575 PLANO, TX 75025"
202023,BONUS CROP FERTILIZER INC.,"P. O. BOX 1062 GREENVILLE, TX 75403-1062"
708322,"BORAL RESOURCES, LLC","10701 S. RIVER FRONT PARKWAY, SUITE 300 SOUTH JORDAN, UT 84095"
706408,BORDOVSKY SERVICES,"1618 CR 242 FALL CITY, TX 78113"
703864,BOTANICARE,"6858 W. CHICAGO ST #3 CHANDLER, AZ 85226"
708986,BOTANICARE,"800 PORT WASHINGTON BLVD. PORT WASHINGTON, NY 11050"
706081,BOUGAINVILLEA GROWERS INTERNATIONAL,"7401 STRINGFELLOW RD. ST. JAMES CITY, FL 33956"
201272,BOYD FEED STORE,"P. O. BOX 96 BOYD, TX 76023"
201901,"BRADBERRY'S BEST, INC.","621 SOUTH PATRICK DUBLIN, TX 76446"
704706,BRADEX INC.,"129 VALENTINE DRIVE, HWY 308 LOCKPORT, LA 70734"
708065,"BRANCH CREEK ORGANICS, LLC","P.O. BOX 523 HARLEYSVILLE, PA 19438"
701432,"BRANDT CONSOLIDATED, INC.","2935 SOUTH KOKE MILL ROAD SPRINGFIELD, IL 62711"
706082,BRANDT IHAMMER,"479 VILLAGE PARK DRIVE POWELL, OH 43065"
700874,BREWER INTERNATIONAL,"P. O. BOX 690037 VERO BEACH, FL 32969"
203287,BRIDGEPORT FEED STORE,"607 13TH STREET BRIDGEPORT, TX 76426"
708325,BRIDGEWELL AGRIBUSINESS LLC,"12420 SE CARPENTER DR. CLACKAMAS, OR 97015"
701437,BRITE IDEAS HYDROPONICS & ORGANICS INC.,"4201 S. CONGRESS #310 AUSTIN, TX 78745"
200064,BROWNFIELD FARMERS CO-OP STATION,"P. O. BOX 388 BROWNFIELD, TX 79316"
202316,BRYAN AGRI-PRODUCTS,"210 N. KATY DURANT, OK 74701"
202592,BUDDY'S PLANT PLUS CORPORATION,"2022 N. BROADWAY ST. BALLINGER, TX 76821"
709070,BUMPER CROP AG,"5009 CR 1 CLARENDON, TX 79226"
706002,"BUMPER CROP TEXAS, LLC","804 BOHLMANN AVE. SCHULENBURG, TX 78956"
202369,BURLESON COUNTY COOP STORE,"P. O. BOX 217 CALDWELL, TX 77836"
202468,"C & H SUPPLY, INC.","P. O. BOX 430 MCLEAN, TX 79057"
708417,"C & P SALES AND IMPORT, INC.","1424 S. GERHART COMMERCE, CA 90022"
708648,"C & P SALES AND IMPORT, INC.","5722 UNION PACIFIC AVE. COMMERCE, CA 90022"
202002,C. L. HALL TRUCKING,"14643 FM 1567 W CUMBY, TX 75433"
703042,C. R. BROWN ENTERPRISES,"235 MILTON MARSHALL DR. ANDREWS, NC 28901"
706154,CALCIUM PRODUCTS,"2055 QUAIL AVE. FORT DODGE, IA 50501"
706155,CALCIUM PRODUCTS,"50602 330TH AVE. GILMORE CITY, IA 50541"
204203,CALCO MARKETING INC.,"3988 CLAY ST. HOUSTON, TX 77023"
707833,"CALIFORNIA ORGANIC FERTILIZER, INC","10585 INDUSTRY AVENUE HANFORD, CA 93230"
200071,"CALLAHAN COUNTY FARMERS COOPERATIVE, INC.","200 EAST 1ST STREET BAIRD, TX 79504"
703201,CALLOWAY'S NURSERY INC.,"4200 AIRPORT FREEWAY, SUITE 200 FORT WORTH, TX 76117"
706657,"CALTEC AG, INC.","1104 12TH STREET, STE 100 MODESTO, CA 95354"
708963,"CAMERON CHEMICALS, INC.","830 OLD DILL ROAD SUFFOLK, VA 23434"
703070,CANADIAN AGRI PRODUCTS (USA) CORP.,"P. O. BOX 251408 PLANO, TX 75025"
708510,"CANADIAN HUMALITE INTERNATIONAL, INC.","9525 60 AVENUEEDMONTON, AB T6E OC2CANADA Canada"
701421,CANNA CONTINENTAL,"11400 W. OLYMPIC BLVD. #200 LOS ANGELES, CA 90064"
703386,"CANNON PACKAGING COMPANY, INC.","P. O. BOX 862 HUMBOLDT, TN 38343"
202653,"CANTON MILLS, INC.","P. O. BOX 97 MINNESOTA CITY, MN 55959"
202987,CAPPS AG CENTER,"512 WEST US HWY 84 FAIRFIELD, TX 75840"
704873,"CARBON AG & OUTDOORS, INC.","P. O. BOX 639 CARBON, TX 76435"
708779,CARBON EARTH COMPANY,"397 BLACK HOLLOW RD. ROCKWOOD, TN 37854"
700094,CARIBSEA INC.,"P. O. BOX 13359 FORT PIERCE, FL 34979"
202808,CARL POOL PRODUCTS,"P. O. BOX 1148 GLADEWATER, TX 75647"
703453,CARMEUSE LIME INC.,"4110 ROCKWOOD ROAD MANITOWOC, WI  54220"
703018,"CARMINE FEED & FERTILIZER, INC.","P. O. BOX 361 CARMINE, TX 78932-0361"
203782,CARPENTER FARMS,"7886 FM 2953 NOCONA, TX 76255"
708084,CASCADE PRODUCTS INC.,"11650 SW 67TH AVENUE, SUITE 140 PORTLAND, OR 97223"
708115,CATALYST,"10100 DOUGLAS AVE URBANDALE, IA 50322"
707026,"CATALYST PRODUCT GROUP, THE","6267 N. ANDERSON RD. STANFIELD, AZ 85272"
703121,"CATTLEMAN'S SUPPLY, INC.","P.O. BOX 1888 BRENHAM, TX 77834"
703335,"CEN-TEX FERTILIZER, INC.","P. O. BOX B RICHLAND SPRINGS, TX 76871"
702012,CENTRAL AQUATICS (A DIVISION OF CENTRAL GARDEN AND PET),"5401 WEST OAKWOOD PARK DR. FRANKLIN, WI  53132"
701513,CENTRAL GARDEN & PET,"5401 WEST OAKWOOD PARK DRIVE FRANKLIN, WI  53132"
705185,CENTRAL GARDEN & PET GARDEN DIVISION,"1000 PARKWOOD CIRCLE, SUITE 700 ATLANTA, GA 30339"
705821,"CENTRAL OREGON BASALT PRODUCTS, LLC","1747 NW MILL ST. MADRAS, OR 97741"
703827,CERRO CORP,"330 E. 1750 N VINEYARD, UT 84059-8801"
706507,CF INDUSTRIES NITROGEN LLC,"4 PARKWAY NORTH SUITE 400 DEERFIELD, IL 60015"
704886,"CF INDUSTRIES SALES, LLC","4 PARKWAY NORTH, SUITE 400 DEERFIELD, IL 60015"
708571,CG PEST MANAGEMENT LLC,"167 LAKEVIEW CIRCLE CROCKETT, TX 75835"
704333,CGB FERTILIZER,"5130 PORT ROAD JEFFERSONVILLE, IN 47130"
706216,CH BIOTECH LLC,"601 KETTERING DRIVE ONTARIO, CA 91761"
701830,CHAMNESS TECHNOLOGY,"2255 LITTLE WALL LAKE ROAD BLAIRSBURG, IA 50034"
201587,CHARLIE MYERS GRAIN CO.,"P.O. BOX 1076 SEYMOUR, TX 76380"
707426,CHARLIE'S FEED & FERTILIZER,"P. O. BOX 154 KEATCHIE, LA 71046"
708760,CHB LAND MANAGEMENT,"395 FM 155 LA GRANGE, TX 78945"
202927,CHEM ONE LTD.,"14140 WESTFAIR EAST DRIVE HOUSTON, TX 77041"
704936,"CHEMICAL DYNAMICS, INC.","P. O. BOX 486 PLANT CITY, FL 33566"
704782,"CHEMPORT, INC.","1600 DELTA DRIVE EL PASO, TX 79901-3124"
203885,"CHEMSICO, DIV. OF UNITED INDUSTRIES CORP.","P.O. BOX 142642 ST. LOUIS, MO 63114-0642"
703338,CHRYSAL INTERNATIONAL BV,P. O. BOX 5300THE NETHERLANDS Netherlands
706133,CHS INC.,"5500 CENEX DRIVE INVER GROVE HEIGHTS, MN 55077"
702755,CHS SERVICE CENTER,"P. O. BOX 1599 PLAINVIEW, TX 79072"
701441,"CHS, INC.","P.O. BOX 64089 ST. PAUL, MN 55164-0089"
706990,"CHS, INC.","P.O. BOX 310 POST FALLS, ID 83877"
704408,CJ NICKEL ORGANIC FERTILIZER,"20706 PARK DRIVE LAGO VISTA, TX 78645"
704104,CLC INC.,"104 SW 1ST ST. PRYOR, OK 74361"
708987,CLEAM FUEL LLC,"28 BUTTERFIELD TRAIL BLVD. EL PASO, TX 79906"
707893,CLEAN WATER SERVICES,"2550 SW HILLSBORO HIGHWAY HILLSBORO, OR 97123"
705433,CLEARY CHEMICAL LLC,"11901 SOUTH AUSTIN AVENUE ALSIP, IL 60803"
701488,CNI AGRIMINERALS,"P.O. Box 3706 ALBANY, GA 31706"
708978,"COAST OF MAINE ORGANIC PRODUCTS, INC.","145 NEWBURY STREET PORTLAND, ME 04101"
203986,"COFFEYVILLE RESOURCES NITROGEN FERTILIZERS, LLC","10 E. CAMBRIDGE CIRCLE DRIVE, SUITE 250 KANSAS CITY, KS 66103"
703938,COLD SPRING EGG FARM INC.,"N9416 TAMARACK ROAD WHITEWATER, WI  53190"
204211,COLEMAN GRAIN,"1000 GROSS ST. COLEMAN, TX 76834"
706170,COMPASS MINERALS MANITOBA INC.,"800 ONE RESEARCH ROADWINNIPEG, MANITOBA R3T 6E3CANADA Canada"
707121,COMPASS MINERALS OGDEN INC,"9900 W 109TH ST. STE 100 OVERLAND PARK, KS 66210"
705768,COMPASS MINERALS USA INC.,"9900 W. 109TH STREET, STE 100 OVERLAND PARK, KS 66210"
707278,"COMPASS MINERALS WYNYARD, INC.","9900 W. 109TH STREET OVERLAND PARK, KS 66210"
700834,"COMPASS UNLIMITED, INC.","1421 WEST 440 PRYOR, OK 74361"
707251,"COMPO EXPERT USA & CANADA, INC.","P. O. BOX 5106 VERO BEACH, FL 32961"
707674,"CONCEPT AG , LLC","1300 PLANT ROAD CHARLESTON, MO 63834"
201160,"CONKLIN COMPANY, INC.","551 VALLEY PARK DRIVE SHAKOPEE, MN 55379-1874"
707101,"CONSCIOUS EARTHWORKS, LLC","8250 AGATE RD. WHITE CITY, OR 87503"
201747,COOPERATIVE GIN CO,"BOX 108 HONEY GROVE, TX 75446"
202948,"COSMOCEL, S.A.","APDO. 1, SUC. ""A""SAN NICOLAS DE LOS GARZA, N.L. MEXICO66480 Mexico"
705493,"COWAN AG SOLUTIONS, INC.","2222 TIMBERBROOK STEPHENVILLE, TX 76401"
201249,"CREATIVE SALES, INC.","P. O. BOX 501 FREMONT, NE 68026-0501"
708466,"CRODA, INC.","300-A COLUMBUS CIRCLE EDISON, NJ 08837"
703666,"CROMARTIE AGRICULTURAL CHEMICALS, INC.","1319 US HWY 82 W ALBANY, GA 31708"
702537,CROP PRODUCTION SERVICES,"P.O. BOX 1286 GREELEY, CO 80632"
702275,"CROP PRODUCTION SERVICES, INC.","P.O. BOX 1286 GREELEY, CO 80632"
201464,CROSBY COUNTY FUEL ASSOCIATION,"P.O. BOX 1170 RALLS, TX 79357"
708642,"CROSSLINK OF NEW MEXICO, LLC","1455 PERU MILL RD. NW DEMING, NM 88030"
202233,"CROWN TECHNOLOGY, INC.","P. O. BOX 50426 INDIANAPOLIS, IN 46250-0426"
200110,CRUNK AGRI-SERVICE,"2582 EAST LEONA PKWY WACO, TX 76706"
705497,"CRYSTAL CLEAR, INC.","15425 CHETS  WAY ARMADA, MI 48005"
704294,CS NUTRIENTS,"580 MAXIM DRIVE BOLING, TX 77420"
706981,CSI CHEMICAL CORPORATION,"1716 MONTANA AVE. EL PASO, TX 79902-5705"
203998,CUSTOM CHEMICAL SERVICES,"P. O. BOX 441 SANTA FE, TX 77510"
706291,CX HORTICULTURE,"UNIT 6/27 CROMPTON ROADROCKINGHAM, WESTERN AUSTRALIA 6168 American Samoa"
203822,CXI,"1100 EAST SANDY LAKE RD. COPPELL, TX 75019"
200905,"CYTOZYME LABORATORIES, INC.","2700 SOUTH 600 WEST SALT LAKE CITY, UT 84115"
701003,D&M CHEM INC.,"112 W. CHARRON RD. MOXEE, WA 98936"
706113,DAKOTA PEAT & EQUIPMENT,"P.O. BOX 14088 GRANDS FORKS, ND 58208"
200112,DAMON FARM-RANCH SERVICE CENTER,"P.O. BOX 330 DAMON, TX 77430"
708103,"DANG-ER & ASSOCIATES, INC.","1800 LOMBARDI LANE SANTA ROSA, CA 95407"
707321,DARLING INGREDIENTS INC.,"251 O'CONNOR RIDGE BLVD., SUITE 300 IRVING, TX 75038"
708812,DARLING INGREDIENTS INC.,"5601 N. MACARTHUR BLVD IRVING, TX 75038"
708908,DASCO INC.,"9785 MAROON CIRCLE, SUITE 110 ENGLEWOOD, CO 80112"
702703,DAVID AUSTIN ROSES,"15059 STATE HWY 64 W TYLER, TX 75704"
203188,DAVID'S FARM SERVICES,"P. O. BOX 880 MORTON, TX 79346"
202422,DAVIS FARM & RANCH SUPPLY,"800 N. NECHES ST. COLEMAN, TX 76834-2712"
203399,"DAVIS FEED MILL, INC.","P. O. BOX 33 HICO, TX 76457"
202478,DAVIS GRAIN & FERTILIZER,"308 GILL ROAD BELLEVUE, TX 76228"
708595,DCM USA LLC,"100 E. PARK ST., SUITE 204 OLATHE, KS 66061"
203281,DELSTAR,"5109 82ND ST. #7-304 LUBBOCK, TX 79424-3099"
203490,DELTAG FORMULATIONS,"P. O. BOX 4812 GREENVILLE, MS 38704"
201344,DEWITT COUNTY PRODUCERS ASSOCIATION,"401 W. CHURCH ST. CUERO, TX 77954"
708797,"DIAMOND K GYPSUM, INC.","1720 SO. RED HILLS DRIVE RICHFIELD, UT 84701"
203922,"DIMMITT SULFUR PRODUCTS, LTD.","PO BOX 1008 DIMMITT, TX 79027"
700777,"DIVERSE ENTERPRISES, LTD.","808 HWY 473 COMFORT, TX 78013"
707516,DIVERSIFIED RESIDUALS MANAGEMENT LLC,"448 JEFFERSON ST NATCHITOCHES, LA 71457"
707518,DLF PICKSEED,"PO BOX 229 HALSEY, OR 97348"
201604,"DOMESTIC FERTILIZER, INC.","1750-17TH STREET PARIS, KY 40361"
203406,"DON'S AG SERVICE, INC.","2522 CR 7650 LUBBOCK, TX 79464"
705105,DONAGHYS  INDUSTRIES LTD.,"63 BRADSHAW ST.DUNEDIN, NEW ZEALAND New Zealand"
200936,DOUGLAS MICA SOIL SERVICE INC.,"4416 NICKEL-MICA RD. FLATONIA, TX 78941"
203744,"DOWN TO EARTH DISTRIBUTORS, INC.","P. O. BOX 1419 EUGENE, OR 97440"
705961,"DR. EARTH, CO.","P.O. BOX 460 WINTERS, CA 95694"
704962,DRACO LABS,"P. O. BOX 924 WINTERS, TX 79567"
203899,DRAMM CORPORATION,"P. O. BOX 1960 MANITOWOC, WI  54221-1960"
203632,DREXEL CHEMICAL COMPANY,"P.O. BOX 13327 MEMPHIS, TN 38113-0327"
200126,DREYER FERTILIZER CO.,"1010 CR 263 GATESVILLE, TX 76528"
706581,DRH AG SERVICES,"387 PORTER ROAD MOODY, TX 76557"
704433,DUDENSING FARM SERVICE,"P. O. BOX 236 NEW ULM, TX 78950"
201569,DUMAS CO-OP,"P.O. BOX 831 DUMAS, TX 79029"
203592,DUNN'S FISH FARMS,"P. O. BOX 85 FITTSTOWN, OK 74842-0085"
700750,DYNA-GRO,"2775 GIANT ROAD RICHMOND, CA 94806-2244"
708123,"EARTH SCIENCE LABORATORIES, INC","113 SE 22ND STREET, SUITE 1 BENTONVILLE, AR 72712"
704059,EARTH SCIENCE PRODUCTS CORPORATION,"P. O. BOX 327 WILSONVILLE, OR 97070"
202815,"EARTHGREEN PRODUCTS, INC.","8144 WALNUT HILL LANE, SUITE 987 DALLAS, TX 75231"
708861,"EARTHSOILS, INC.","84177 320TH STREET ELLENDALE, MN 56026"
700817,EARTHWORKS,"30 MORGAN HILL ROAD EASTON, PA 18042"
705979,"EARTHWORM CASTINGS UNLIMITED, LLC","1179 SYLVERTIS ROAD WATERFORD, MI 48328"
707313,"EAST BERNARD MILLING CO., LLC","854 WALLACE STREET EAST BERNARD, TX 77435"
202751,"EASTLAND FARM AND RANCH, INC.","301 N. SEAMAN EASTLAND, TX 76448"
700346,"EASY GARDENER PRODUCTS, INC.","P. O. BOX 21025 WACO, TX 76702-1025"
203347,"EASY GARDENER, INC.","P. O. BOX 21025 WACO, TX 76702-1025"
703618,"ECO-DRIP IRRIGATION SUPPLY, INC.","P. O. BOX 180 GARDEN CITY, TX 79739"
704114,"ECOLOGICAL LABORATORIES, INC.","2525 NE 9 AVE. CAPE CORAL, FL 33909"
705103,"ECOSCRAPS, INC.","P. O. BOX 731 SANDY, UT 84070"
705408,EDC AG PRODUCTS COMPANY LLC,"1309 RIDGE ROAD SUITE 315 ROCKWALL, TX 75087"
703273,EHRIG BROTHERS AG LLC,"P. O. BOX 1826 GONZALES, TX 78629"
203536,EL DORADO CHEMICAL COMPANY,"1309 RIDGE ROAD, SUITE 315 ROCKWALL, TX 75087-4243"
200861,"EL PASO VALLEY COTTON ASSOCIATION, INC.","P.O. BOX 690 CLINT, TX 79836"
200137,ELGIN FERTILIZER COMPANY,"P.O. BOX 231, HWY 95N ELGIN, TX 78621"
706512,ELITE GARDEN WHOLESALE,"P.O. BOX 386 SANTA BARBARA, CA 93102"
705160,ELM CREEK GRAIN LLC,"P. O. BOX 546 BALLINGER, TX 76821"
707331,"EM BIOGAS, LLC","139 CR 404 STEPHENVILLE, TX 76401"
707784,EMERALD BIOAGRICULTURE CORP.,"726 YORKLYN RD, STE 420 HOCKESSIN, DE 19707"
706235,EMERALD HARVEST,"1399 CORPORATE CENTER , PKWY SANTA ROSA, CA 95407"
702080,EMERALD TRIANGLE,"P. O. BOX 305 FORTUNA, CA 95540"
708078,ENCAP LLC,"3921 ALGOMA RD. GREENBAY, WI  54311-9707"
704664,"ENP INVESTMENTS, LLC","P. O. BOX 618 MENDOTA, IL 61342-0618"
203404,"ENVIRO CONSULTANT SERVICE, LLC","11345 BENTHAVEN DRIVE LAKEWOOD, CO 80215-1203"
709007,"ENVIROFLIGHT, LLC","1118 PROGRESS WAY MAYSVILLE, KY 41056"
707032,"ENVIROKURE, INC.","5222 E. COMLY STREET PHILADELPHIA, PA 19135"
706457,ENVIRONMENT CELEBRATION INSTITUTE INC.,"13193 ORO QUINCY HWY BERRY CREEK, CA 95916"
708881,"ENVIRONMENTAL CARE & SHARE, INC.","15611 WEST 6TH AVENUE GOLDEN, CO 80401"
708038,ENVY BIOSCIENCE,"6985 SOUTH UNION PARK CENTER, STE 285 COTTONWOOD HEIGHTS, UT 84047"
201581,"EQUALIZER, INCORPORATED","P. O. BOX 154579 WACO, TX 76715-4579"
703187,ESCO CORP.,"P.O. BOX 290 MADISON, GA 30650"
203008,ESCO CORPORATION,"P. O. BOX 655650 DALLAS, TX 75265"
706043,"ETIMINE USA, INC.","1 PENN CENTER WEST, SUITE 400 PITTSBURGH, PA 15276"
707175,EUROCHEM TRADING USA CORPORATION,"2701 N. ROCKY POINT DRIVE, SUITE 600 TAMPA, FL 33607"
707483,EVANS RANCH INC,"2250 WILSON VALLEY LOOP LITTLE RIVER, TX 76554"
202683,EVANT FEED & FERTILIZER,"P. O. BOX 370 EVANT, TX 76525"
704034,"EVERRIS NA, INC.","P. O. BOX 3310 DUBLIN, OH 43016"
703671,"EXCELAG, CORP.","7300 NORTH KENDALL DRIVE, STE 640 MIAMI, FL 33156"
703046,EZ-FLO FERTILIZING SYSTEMS,"3640 CINCINNATI AVE. #C ROCKLIN, CA 95765"
704910,"FABRICA DE SULFATO EL AGUILA, S.A. DE C.V.",CARR. GUADALAJARACHAPALA KM. 17.5 N. 8100TLAJOMULCO DE ZUZIGAJALISCO C.P. 45640 MEXICO Mexico
700581,"FALCON FERTILIZER, INC.","203 HIGH COURT MILFORD, PA 18337"
708352,FANNIN AG PRODUCTS LLC,"2320 N. CENTER STREET BONHAM, TX 75418"
701477,"FARLEY FARM SUPPLY, INC.","124 WEST BIVAR DE LEON, TX 76444"
708909,FARMER'S ORGANIC,"137 PHIPPS AVE. NEWTON, GA 39870"
203717,FARMERS AG SUPPLY LLC,"703 COLLARD SPEARMAN, TX 79081"
204192,FARMERS AND MERCHANTS FERTILIZER,"P. O. BOX 283 CLIFTON, TX 76634"
200597,FARMERS CO-OP MILL & FEED,"P. O. BOX 342 SCHULENBURG, TX 78956"
701790,FARMERS COOP GIN & GRAIN,"P. O. BOX 98 MALONE, TX 76660"
201313,FARMERS COOP SOCIETY,"P.O. BOX 300 CHILLICOTHE, TX 79225"
203918,FARMERS COOPERATIVE ASSOCIATION,"P. O. BOX E ELDORADO, OK 73537"
201075,FARMERS COOPERATIVE ELEVATOR ASSOCIATION,"P.O. BOX 1087 LEVELLAND, TX 79336"
201419,FARMERS COOPERATIVE GIN & ELEVATOR,"P.O. BOX 1431 VERNON, TX 76385-1431"
202452,FARMERS MILLING COMPANY,"P. O. BOX 89 GRAHAM, TX 76450"
704503,"FAST2GROW, INC.","P. O. BOX 494 OVERTON, TX 75684"
703979,"FAUST BIO-AGRICULTURAL SERVICES, INC.","6080 WIGRICH ROAD INDEPENDENCE, OR 97351"
708393,"FBN INPUTS, LLC","3881 EL CAMINO REAL SAN CARLOS, CA 94070"
703300,FBSCIENCES,"153 NORTH MAIN, SUITE 100 COLLIERVILLE, TN 38017"
202952,FEHNER & SON GRAIN CO.,"1922 CR 197 GONZALES, TX 78629"
708053,FER-LAND AGRICULTURE TECHNOLOGY CORPORATION,"709 E. COLORADO BLVD. STE 230 PASADENA, CA 91101"
704306,FERTI TECHNOLOGIES,"560 RHEAUMEP. O. BOX 129SAINT MICHEL, QC  J0L 2J0CANADA Canada"
707372,FERTI TECHNOLOGIES,"102 S. 29TH STREET PHOENIX, AZ 85034"
705785,"FERTI-ORGANIC, INC.","3006 JCS INDUSTRIAL DRIVE BROWNSVILLE, TX 78526"
701509,FERTI-TEX LLC.,"1100 EAST CENTRAL COMANCHE, TX 76442"
701779,"FERTILE BLENDS, INC.","234 WEST BANDERA ROAD #317 BOERNE, TX 78006-2805"
707024,"FERTILE PEAT PRODUCTS, LLC","250 PRO PEAT DRIVE SUGAR CITY, ID 83448"
705577,"FERTILE SEA, LLC","315 MEGIS ROAD, SUITE A289 SANTA BARBARA, CA 93109"
706587,FIRST COUNTY FEED,"P. O. BOX 592 CROCKETT, TX 75835"
708619,FITLEAF LLC,"1207 BUSINESS PARK DRIVE, SUITE A-B MISSION, TX 78572"
700944,"FIVE STAR SUPPLEMENT AND FEED PRODUCTS, L.L.C.","206 LIVE OAK HILLS COURT SAN MARCOS, TX 78666"
703413,"FLORATINE PRODUCTS GROUP, INC.","144 MID-SOUTH COVE COLLIERVILLE, TN 38017"
701713,FLORENCE GRAIN CO.,"P. O. BOX 367 FLORENCE, TX 76527"
200165,"FLORENCE GRAIN COMPANY, LTD.","P.O. BOX 367 FLORENCE, TX 76527"
704066,FLORIKAN E.S.A. LLC,"6801 ENERGY CT., SUITE 100 SARASOTA, FL 34240-9391"
705568,FLOZYME CORPORATION,"4808 LAKAWANA DALLAS, TX 75247"
707269,FLYING SKULL PLANT PRODUCTS,"9220 SE STARK ST. PORTLAND, OR 97216"
708739,FMC AGRO LIMITED,"RECTORS LANEPENTRE, FLINTSHIRE, CH5 2DHUNITED KINGDOM United Kingdom"
702302,FOUR STAR AGRICENTER,"414 W. MCHARG STAMFORD, TX 79553"
705830,FOXFARM SOIL & FERTILIZER COMPANY,"P. O. BOX 787 ARCATA, CA 95518"
200914,"FRANK NIESCHWIETZ ENTERPRISES, INC.","P. O. BOX 100 FALLS CITY, TX 78113"
203458,"FRANKE FARM SERVICES, INC.","P. O. BOX 761 YORKTOWN, TX 78164"
201485,"FREDONIA PEANUT COMPANY, INC.","11020 RANCH ROAD 1222 FREDONIA, TX 76842"
202205,"FRISCHE BRS. FERTILIZER, INC.","P. O. BOX 1565 DUMAS, TX 79029"
701236,FRIT INDUSTRIES,"P. O. BOX 1589 OZARK, AL 36361-1589"
708658,"FRONT-ROW AG, LLC","2794 GREAT COVE ROAD WARFORDSBURG, PA 17267"
708347,"FULL CYCLE GARDENING, INC.","1053 E. WHITAKER MILL RD. #115 RALEIGH, NC 27604"
703588,FULL SIRCLE PRODUCTS,"P. O. BOX 442 GARNAVILLE, IA 52049"
702740,"G+ AG, INC.","1114 ROAD A HUGOTON, KS 67951"
703714,G-BAR AGRI-PRODUCTS,"19170 US HIGHWAY 377 WHITESBORO, TX 76273"
707299,"GANTEC, INC.","777 E ISABELLA RD. MIDLAND, MI 48640"
203697,"GARDEN-VILLE A DIVISION OF TLM, L.L.C.","14080 NACOGDOCHES ROAD PMB#314 SAN ANTONIO, TX 78247"
705745,"GARDEN-VILLE A DIVISION OF TLM, LLC","P. O. BOX 17126 AUSTIN, TX 78670"
701575,GARICK,"13600 BROADWAY AVE. CLEVELAND, OH 44125"
203174,"GARRETT & GARRETT AG SERVICE AND SUPPLY, INC.","249 CR 3504 BRIDGEPORT, TX 76426"
706366,"GATEFRONT, LLC","7002 MARVIN BERRY ROAD CORPUS CHRISTI, TX 78409"
701924,GAVILON FERTILIZER LLC,"5 SKIDWAY VILLAGE WALK, SUITE 201 SAVANNAH, GA 31411"
707002,"GCO, INC.","10505-A COUNTY ROAD 65 FOLEY, AL 36535"
706765,GENERAL HYDROPONICS,"2877 GIFFEN AVENUE SANTA ROSA, CA 95407"
706538,GENERAL ORGANICS,"2877 GIFFEN AVENUE SANTA ROSA, CA 95407"
707505,"GENNEXT BIOTECH, LLC","1600 S CANAL STREET CHICAGO, IL 60616"
702397,"GERALD LUBIANSKI ENTERPRISES, INC.","1003 SOUTH 2ND ST. FLORESVILLE, TX 78114"
703863,GH INC.,"P. O. BOX 1576 SEBASTOPOL, CA 95473"
705491,"GILES CHEMICAL A DIVISION OF PREMIER MAGNESIA , LLC","102 COMMERCE STREET WAYNESVILLE, NC 28786"
708815,GLOBAL EARTH PRODUCTS LLC,"1445 MADISON STREET, SUITE 181 BROWNSVILLE, TX 78520"
203580,"GLOBAL ORGANICS, LLC","16121 W. EDDIE ALBERT WAY GOODYEAR, AZ 85338"
704017,"GLOBAL PROTEIN PRODUCTS, INC.","P.O. BOX 404 FAIRFIELD, ME 04937"
200184,GOLDEN VALLEY FERTILIZER,"2539 STATE HWY 46-SOUTH NEW BRAUNFELS, TX 78130-1944"
200186,"GOLIAD FERTILIZER COMPANY, INC.","610 E. END ST. GOLIAD, TX 77963-4233"
700045,GOOD EARTH HORTICULTURE,"P. O. BOX 290 LANCASTER, NY 14086-2400"
706023,GOOD NATURED,"P. O. BOX 471198 FORT WORTH, TX 76147"
703171,"GOODE FERTILIZER, INC.","P. O. BOX 928 LORENA, TX 76655"
201723,GOSSETT SPRAYING SERVICE,"P. O. BOX 537 SLATON, TX 79364"
701676,GRAMPS ORIGINAL,"2022 NORTH BROADWAY BALLINGER, TX 76821"
708570,"GRAN NORA, LLC","555 UNIVERSITY AVE #114 SACRAMENTO, CA 95825"
702687,GRASSHOPPER FERTILIZER LLC,"623 RUTHERFORD ST. MOUNT VERNON, TX 75457"
708959,"GREAT PACIFIC BIOPRODUCTS, A DIVISION OF JIM PATTISON ENTERPRISES LTD.","13140 RICE MILL ROADRICHMOND, BRITISH COLUMBIA V6W 1A1CANADA Canada"
702538,"GREEN AS IT GETS, INC.","300 MORNING DRIVE BAKERSFIELD, CA 93306"
703067,"GREEN GRO, LLC","P. O. BOX 976 WINDSOR, CA 95492"
203275,"GREEN INDUSTRIES, INC.","P. O. BOX 194 ITALY, TX 76651"
702787,"GREEN TECHNOLOGIES, LLC.","646 US 301 SOUTH JACKSONVILLE, FL 32635"
200198,GREEN UP PLANT FOOD COMPANY,"P. O. BOX 630009 NACOGDOCHES, TX 75963-0009"
708728,"GREENE COUNTY FERTILIZER COMPANY, INC.","1490 AIRPORT ROAD, SUITE B GREENSBORO, GA 30642"
708427,GREENSHOWER NURSERY,"2320 DESIRE AVENUE ROLAND HEIGHTS, CA 91748"
707356,"GREENSMITHS, INC.","1419 UPFIELD DR. CARROLLTON, TX 75006"
701158,"GREENSTAR PLANT PRODUCTS, INC.","#284-505-8840 210TH STREETLANGLEY,BC V1M 2Y2CANADA Canada"
702189,GRO GREEN INC.,"717 ELK STREET BUFFALO, NY 14210"
202634,"GRO TEC, INC.","P. O. BOX 290 MADISON, GA 30650"
708300,GRO-KASHI INTL,"P. O. BOX 1363 LAYTONVILLE, CA 95454"
708526,"GRO-WELL BRANDS, INC.","P.O. BOX 25406 TEMPE, AZ 85285"
707486,"GROUNDWORK BIOAG, LTD","27 HASHAHAR ST. MOSHAV MAZOR 7316000, ISRAEL Israel"
200202,GROVES FARM SERVICE,"801 E. 4TH ST. LAMPASAS, TX 76550"
200775,"GROVETON MILL & SUPPLY, INC.","P. O. BOX 297 GROVETON, TX 75845"
704156,"GROW MOORE, LLC","7394 FM 592 SHAMROCK, TX 79079"
701050,GROW MORE,"15600 NEW CENTURY DRIVE GARDENA, CA 90248"
708168,"GROW MORE WORLDWIDE, LLC","2815 FORBES AVE., SUITE 107 HOFFMAN ESTATES, IL 60192"
706439,"GROWCENTIA, INC","500 EAST VINE DR. FORT COLLINS, CO 80524"
709062,GROWER'S SECRET,"5143 PORT CHICAGO HWY, STE A CONCORD, CA 94520"
202031,GROWERS CHEMICAL CORPORATION,"P.O. BOX 1750 MILAN, OH 44846"
701075,"GROWMARK, INC.","P.O. BOX 2500 BLOOMINGTON, IL 61701-2500"
706732,GROWMATE INTERNATIONAL LLC,"17150 BUTTE CREEK, SUITE 100 HOUSTON, TX 77090"
700452,GROWONDERS CORPORATION,"152-12 32ND AVE. FLUSHING, NY 11354-3338"
202883,GROWTH PRODUCTS LTD.,"80 LAFAYETTE AVE. WHITE PLAINS, NY 10603"
701312,GTX TECHNOLOGIES,"13636 S. WASHINGTON ST. AMARILLO, TX 79118"
200204,GUADALUPE GRAIN INCORPORATED,"390 CORDOVA RD. SEGUIN, TX 78155"
708553,GUANO CO LLC,"P.O. BOX 1000 TRINIDAD, CA 95570"
202829,GUBLER ORCHIDS,"2200 BELFIELD BLVD. LANDERS, CA 92285"
200206,GULF COAST FERTILIZER COMPANY,"1664 F.M. 2433 PORT LAVACA, TX 77979"
201525,"GUNTER BROTHERS, INC.","P.O. BOX 147 GUSTINE, TX 76455"
708036,"GY RAINSOIL, LLC DBA RAINSOIL","6960 WEST WARM SPRINGS ROAD, SUIT 110 LAS VEGAS, NV 89113"
705136,GYPSOIL,"372 W. ONTARIO ST. #501 CHICAGO, IL 60654"
706506,"H-BRAND LIVESTOCK, PET & GARDEN SUPPLY","680 N. MAIN JACKSBORO, TX 76458"
700655,H-E-B,"646 S. FLORES SAN ANTONIO, TX 78204"
702830,H.I.T. MANUFACTURING,"15374 103 A AVE.SURREY, BC V3R 7A2CANADA Canada"
703048,HAIFA CHEMICALS,"307 CRANES ROOST BLVD #2030 ALTAMONTE SPRINGS, FL 32701"
706083,HAIFA CHEMICALS NORTH AMERICA,"307 CRANES ROOST BLVD. SUITE 2030 ALTAMONTE SPRINGS, FL 32701"
706694,HAIFA NORTH AMERICA,"1600 EAST PRESIDENT ST. SAVANNAH, GA 31404"
708695,HAIFA NORTH AMERICA,"307 CRANES ROOST #2030 ALTAMONTE SPRINGS, FL 32701"
703706,HAIFA NORTH AMERICA INC.,"307 CRANES ROOST BLVD#2030 ALTAMONTE SPRINGS, FL 32701"
703030,HAIFA NUTRITECH,"405 DOUGLAS AVENUE, SUITE 2605 ALTAMONTE SPRINGS, FL 32714"
701066,HAIFA NUTRITECH (HNT) INC.,"307 CRANES ROOST BLVD. #2030 ALTAMONTE SPRINGS, FL 32701"
202907,"HANEY FEED AND FARM SUPPLY, INC.","P. O. BOX 375 WALLER, TX 77484"
708747,HAPPY TREE MICROBES,"1437 NW 9TH ST., SUITE A CORVALLIS, OR 97330"
702473,HARRELL'S LLC.,"P. O. BOX 807 LAKELAND, FL 33802"
705453,HARRELL'S LLC.,"151 GENE E STEWART CT SYLACAUGA, AL 35151"
200215,"HARRISON FARM SERVICE, INC.","P. O. BOX 721 BELLVILLE, TX 77418"
709068,"HARSCO ENVIRONMENTAL , A DIV OF HARSCO CORPORATION","359 NORTH PIKE ROAD SARVER, PA 16055"
707210,HARVEST CONSUMER PRODUCTS LLC,"215 OVERHILL DRIVE, SUITE 200 MOORESVILLE, NC 28117"
700165,HAUFLER FERTILIZER AND AG PRODUCTS,"176 SCHLADOER ROAD COMFORT, TX 78013"
706608,HAWTHORNE HYDROPONICS BRANDS,"3993 HOWARD HUGHES PKY SUITE 250 LAS VEGAS, NV 89169-6754"
708416,HAWTHORNE HYDROPONICS LLC,"3204 NW 38TH CIRCLE VANCOUVER, WA 98660"
708314,HEART OF NATURE,"34710 7th STANDARD ROAD BAKERSFIELD, CA 93314"
707975,"HELENA AGRI-ENTERPRISES, LLC","P. O. BOX 200 ABERNATHY, TX 79311-3114"
707976,"HELENA AGRI-ENTERPRISES, LLC","918 TEXAS AVE. ABERNATHY, TX 79311"
707977,"HELENA AGRI-ENTERPRISES, LLC","P. O. BOX 814 ALTUS, OK 73521-8218"
707978,"HELENA AGRI-ENTERPRISES, LLC","P. O. BOX 789 ALAMO, TX 78516"
707979,"HELENA AGRI-ENTERPRISES, LLC","3467 FM 984 N ENNIS, TX 75119-0967"
707980,"HELENA AGRI-ENTERPRISES, LLC","8875 FAZZINO ROAD BRYAN, TX 77807-7539"
707981,"HELENA AGRI-ENTERPRISES, LLC","2202 S. RED RIVER EXPRESSWAY BURKBURNETT, TX 76354"
707982,"HELENA AGRI-ENTERPRISES, LLC","P. O. BOX 1187 EAST BERNARD, TX 77435-1187"
707983,"HELENA AGRI-ENTERPRISES, LLC","P. O. BOX 309 EDDY, TX 76524-2491"
707984,"HELENA AGRI-ENTERPRISES, LLC","P. O. BOX 267 ERA, TX 76238-0267"
707985,"HELENA AGRI-ENTERPRISES, LLC","185 US HWY 84 FARWELL, TX 79325-4521"
707986,"HELENA AGRI-ENTERPRISES, LLC","2987 FM 1823 GANADO, TX 77962-8652"
707987,"HELENA AGRI-ENTERPRISES, LLC","6801 HWY 66 WEST GREENVILLE, TX 75402"
707989,"HELENA AGRI-ENTERPRISES, LLC","P. O. BOX 908 HALE CENTER, TX 79041"
707990,"HELENA AGRI-ENTERPRISES, LLC","24497 PORT RD. HARLINGEN, TX 78550"
707991,"HELENA AGRI-ENTERPRISES, LLC","P. O. BOX 109 HARTLEY, TX 79044-0109"
707992,"HELENA AGRI-ENTERPRISES, LLC","15158 E. HWY 56 HONEY GROVE, TX 75446-6244"
707993,"HELENA AGRI-ENTERPRISES, LLC","P. O. BOX 250 JOURDANTON, TX 78026-3101"
707994,"HELENA AGRI-ENTERPRISES, LLC","P. O. BOX 220 MERKEL, TX 79536-7522"
707995,"HELENA AGRI-ENTERPRISES, LLC","2795 FM 145 LAZBUDDIE, TX 79053"
707996,"HELENA AGRI-ENTERPRISES, LLC","P. O. BOX 629 MESQUITE, NM 88048-5400"
707997,"HELENA AGRI-ENTERPRISES, LLC","4718 HIGHWAY 84 LUBBOCK, TX 79415-4539"
707998,"HELENA AGRI-ENTERPRISES, LLC","P. O. BOX 586 PEARSALL, TX 78061-0586"
707999,"HELENA AGRI-ENTERPRISES, LLC","P. O. BOX 419 PORT LAVACA, TX 77979-0419"
708000,"HELENA AGRI-ENTERPRISES, LLC","P. O. BOX 366 RAYWOOD, TX 77582-0366"
708001,"HELENA AGRI-ENTERPRISES, LLC","4089 COUNTY ROAD 34 ROBSTOWN, TX 78380-4377"
708002,"HELENA AGRI-ENTERPRISES, LLC","17353 BELL NORTH DR., STE 109 SCHERTZ, TX 78154"
708003,"HELENA AGRI-ENTERPRISES, LLC","P. O. BOX 213 SEAGRAVES, TX 79359"
708004,"HELENA AGRI-ENTERPRISES, LLC","1319 N. MAIN STREET SEMINOLE, TX 79360-2820"
708005,"HELENA AGRI-ENTERPRISES, LLC","100 SOUTH SAINT PETER STANTON, TX 79782-1367"
708006,"HELENA AGRI-ENTERPRISES, LLC","700 WEST LA LANDE STREET SUBLETTE, KS 67877"
708007,"HELENA AGRI-ENTERPRISES, LLC","P. O. BOX 65 TAFT, TX 78390-0065"
708008,"HELENA AGRI-ENTERPRISES, LLC","P. O. BOX 1267 TAYLOR, TX 76574-4373"
708009,"HELENA AGRI-ENTERPRISES, LLC","P. O. BOX 1529 UVALDE, TX 78801-6419"
708010,"HELENA AGRI-ENTERPRISES, LLC","P. O. BOX 578 VERIBEST, TX 76886-0578"
708011,"HELENA AGRI-ENTERPRISES, LLC","508 WEST AVENUE WELLINGTON, TX 79095-2206"
708013,"HELENA AGRI-ENTERPRISES, LLC","P.O. BOX 852 WHARTON, TX 77488-0852"
708014,"HELENA AGRI-ENTERPRISES, LLC","2436 US HWY 84 LITTLEFIELD, TX 79339"
708015,"HELENA AGRI-ENTERPRISES, LLC","P. O. BOX 820 LAMESA, TX 79331-2335"
708016,"HELENA AGRI-ENTERPRISES, LLC","P. O. BOX 1057 LOCKNEY, TX 79241-1057"
708017,"HELENA AGRI-ENTERPRISES, LLC","1110 S. BOND STREET WHITEWRIGHT, TX 75491"
708018,"HELENA AGRI-ENTERPRISES, LLC","41232 B PARK 290 WALLER, TX 77484-6692"
708019,"HELENA AGRI-ENTERPRISES, LLC","225 SCHILLING BLVD., SUITE 300 COLLIERVILLE, TN 38017"
202744,HELENA CHEMICAL CO.,"P. O. BOX 578 VERIBEST, TX 76886"
203141,HELENA CHEMICAL CO.,"P. O. BOX 109 BARDWELL, TX 75101"
203352,HELENA CHEMICAL CO.,"P.  O. BOX 820 LAMESA, TX 79331"
203353,HELENA CHEMICAL CO.,"100 SOUTH SAINT PETER STANTON, TX 79782"
203396,HELENA CHEMICAL CO.,"P. O. BOX 419 PORT LAVACA, TX 77979"
203566,HELENA CHEMICAL CO.,"4089 COUNTY ROAD 34 ROBSTOWN, TX 78380"
700450,HELENA CHEMICAL CO.,"2202 S. RED RIVER EXPRESSWAY BURKBURNETT, TX 76354"
700536,HELENA CHEMICAL CO.,"P. O. BOX 814 ALTUS, OK 73522"
704957,HELENA CHEMICAL CO.,"1319 N. MAIN STREET SEMINOLE, TX 79360"
706200,HELENA CHEMICAL CO.,"3205 ZANDERSON HWY 16 JOURDANTON, TX 78026"
202490,HELENA CHEMICAL COMPANY,"P. O. BOX 109 HARTLEY, TX 79044"
202491,HELENA CHEMICAL COMPANY,"P. O. BOX 629 MESQUITE, NM 88048"
202619,HELENA CHEMICAL COMPANY,"15158 E. HWY 56 HONEY GROVE, TX 75446"
202928,HELENA CHEMICAL COMPANY,"P. O. BOX 789 ALAMO, TX 78516"
203210,HELENA CHEMICAL COMPANY,"3255 BUSINESS INTERSTATE 35E PEARSALL, TX 78061"
203212,HELENA CHEMICAL COMPANY,"P. O. BOX 1529 UVALDE, TX 78801"
203359,HELENA CHEMICAL COMPANY,"P. O. BOX 1267 TAYLOR, TX 76574"
203368,HELENA CHEMICAL COMPANY,"P.O. BOX 852 WHARTON, TX 77488"
203370,HELENA CHEMICAL COMPANY,"P. O. BOX 1187 EAST BERNARD, TX 77435"
203372,HELENA CHEMICAL COMPANY,"2987 FM 1823 GANADO, TX 77962"
203384,HELENA CHEMICAL COMPANY,"100 MAIN STREET ABERNATHY, TX 79311"
203393,HELENA CHEMICAL COMPANY,"P. O. BOX 220 MERKEL, TX 79536"
203576,HELENA CHEMICAL COMPANY,"P. O. BOX 366 RAYWOOD, TX 77582"
203645,HELENA CHEMICAL COMPANY,"P. O. BOX 309 EDDY, TX 76524"
203710,HELENA CHEMICAL COMPANY,"1110 S. BOND STREET WHITEWRIGHT, TX 75491"
203748,HELENA CHEMICAL COMPANY,"225 SCHILLING BLVD., SUITE 300 COLLIERVILLE, TN 38017"
701917,HELENA CHEMICAL COMPANY,"508 WEST AVENUE WELLINGTON, TX 79095"
702666,HELENA CHEMICAL COMPANY,"P. O. BOX 65 TAFT, TX 78390"
704348,HELENA CHEMICAL COMPANY,"6801 HWY 66 WEST GREENVILLE, TX 75402"
704515,HELENA CHEMICAL COMPANY,"8875 FAZZINO ROAD BRYAN, TX 77807"
704701,HELENA CHEMICAL COMPANY,"P. O.  BOX 267 ERA, TX 76238"
704958,HELENA CHEMICAL COMPANY,"4718 HIGHWAY 84 LUBBOCK, TX 79415"
705437,HELENA CHEMICAL COMPANY,"185 US HWY 84 FARWELL, TX 79325-4521"
705438,HELENA CHEMICAL COMPANY,"2795 FM 145 LAZBUDDIE, TX 79053"
705441,HELENA CHEMICAL COMPANY,"1501 HWY 179 HALE CENTER, TX 79041"
705444,HELENA CHEMICAL COMPANY,"P. O. BOX 1057 LOCKNEY, TX 79241"
705455,HELENA CHEMICAL COMPANY,"700 WEST LA LANDE STREET SUBLETTE, KS 67877"
705585,HELENA CHEMICAL COMPANY,"2436 US HWY 84 LITTLEFIELD, TX 79339"
706099,HELENA CHEMICAL COMPANY,"24497 PORT RD. HARLINGEN, TX 78550"
706167,HELENA CHEMICAL COMPANY,"17353 BELL NORTH DR., STE 109 SCHERTZ, TX 78154"
706181,HELENA CHEMICAL COMPANY,"41232 B PARK 290 WALLER, TX 77484"
706487,HELENA CHEMICAL COMPANY,"918 TEXAS AVE. ABERNATHY, TX 79311"
706488,HELENA CHEMICAL COMPANY,"P. O. BOX 213 SEAGRAVES, TX 79359"
705988,HELIAE DEVELOPMENT LLC,"578 E. GERMANN ROAD GILBERT, AZ 85297"
704255,HELM FERTILIZER CORPORATION,"401 EAST JACKSON STREET, SUITE 1400 TAMPA, FL 33602"
201064,HEREFORD GRAIN CORPORATION,"P. O. BOX 910 HEREFORD, TX 79045"
703629,"HICKMAN'S EGG RANCH, INC.","6515 S. JACKRABBIT ROAD BUCKEYE, AZ 85326"
200222,HIGHLAND GROWERS,"P. O. BOX 522 DE RIDDER, LA 70634"
200223,"HILD BROTHERS, INC.","P. O. BOX 157 MARION, TX 78124"
707077,HILMAR INGREDIENTS,"P.O. BOX 1300 DALHART, TX 79022"
201477,"HOCKLEY FERTILIZER, INC.","P.O. BOX 38 HOCKLEY, TX 77447"
708602,HOLGANIX LLC,"3033 MARKET STREET ASTON, PA 19014"
201367,HOLUBEC FERTILIZER COMPANY,"135 PR 555 MELVIN, TX 76858"
200231,HONEY GROVE GRAIN & PEANUT INC,"P. O. BOX 83 HONEY GROVE, TX 75446"
705952,"HORIZON AG PRODUCTS, LP","1450 INFINITE DRIVE LOUISVILLE, CO 80027"
705654,"HORIZON DISTRIBUTORS, INC.","5214 S. 30TH STREET PHOENIX, AZ 85040"
701877,"HORTICULTURAL ALLIANCE, INC.","1550 66TH AVE. DRIVE E SARASOTA, FL 34243"
203869,"HOWARD FERTILIZER & CHEMICAL CO., INC.","7205 HWY 50 EAST GROVELAND, FL 34736"
700818,"HOWARD FERTILIZER & CHEMICAL CO., INC.","P. O. BOX 628202 ORLANDO, FL 32862-8202"
704874,"HOWARD JOHNSON'S ENTERPRISES, INC.","9675 S. 60TH STREET FRANKLIN, WI  53132"
706278,HPI DISTRIBUTION CORP,"3811 WACKER DRIVE MIRA LOMA, CA 91752"
705016,"HUMALFA, AMERICAS ORGANIC FERTILIZER CO.","26874 CR 65 ILIFF, CO 80736"
705052,HUMBOLDT BOTTLING CO.,"P. O. BOX 429 FORTUNA, CA 95540"
707220,HUMIC GROWTH SOLUTIONS,"709 EASTPORT ROAD JACKSONVILLE, FL 32218"
202305,"HUMUS PRODUCTS OF AMERICA, INC.","7319 NORTH PARK DR. RICHMOND, TX 77407-9539"
707941,HYDRA SMART,"P. O. BOX 12706 ROANOKE, VA 24027"
708816,"HYDROAG ENVIRONMENTAL, LLC","1224 E 14TH STREET RUSSELLVILLE, AR 72802"
203649,HYDRODYNAMICS INTERNATIONAL,"5711 ENTERPRISE DR. LANSING, MI 48911"
700348,"HYDROGRO, LLC","7881 E. GRAY ROAD SCOTTSDALE, AZ 85260"
704432,HYDROPONIC RESEARCH,"4570 ALVARADO CANYON ROAD STE H SAN DIEGO, CA 92120"
706375,"HYDROSTRAW, LLC","22110 S. SR27 ROCKFORD, WA 99030"
709048,HYDROSYSTEMS,"1299 CR 943 WESY COLUMBIA, TX 77486"
202497,HYPONEX CORPORATION,"14111 SCOTTSLAWN ROAD MARYSVILLE, OH 43041"
703016,ICL PREMIUM FERTILIZERS NA,"622 EMERSON RD., SUITE 500 ST. LOUIS, MO 63141"
708634,ICL SPECIALTY PRODUCTS INC.,"622 EMERSON RD, SUITE 500 CREVE COEUR, MN 63141"
709008,IMC OUTDOOR LIVING A DIVISION OF LIBERTY TIRE RECYCLING,"PO BOX 31366 DES PERES, MO 63131"
709020,"IMERYS CARBONATES USA, INC.","100 MANSELL COURT EAST, SUITE 200 ROSWELL, GA 30076"
708500,IMPELLO BIOSCIENCES,"2601 S. LEMAY AVE. STE 7 #402 FORT COLLINS, CO 80525"
706815,"IMPROCROP USA, INC. D/B/A ALLTECH CROP SCIENCE","3031 CATNIP HILL ROAD NICHOLASVILLE, KY 40356"
706588,"INDIAN RIVER ORGANICS, LLC","500 WEST FAITH TERRACE MAITLAND, FL 32751"
708042,"INNOPHOS, INC.","259 PROSPECT PLAINS ROAD, BUILDING A CRANBURY, NJ 08512"
703003,"INNOVATIVE CROP SOLUTIONS, INC.","24887 D AVE. RADCLIFFE, IA 50230"
707337,"INNOVATIVE TURF SUPPLY, INC. DALLAS","9481 OAK MEADOW LANE PILOT POINT, TX 76258"
705875,INNVICTIS CROP CARE LLC,"1880 FALL RIVER DRIVE, SUITE 100 LOVELAND, CO 80538"
202482,INTER-CHEM DEALER SALES,"1887 E. 71ST ST. TULSA, OK 74136"
703524,INTERNATIONAL INGREDIENT CORP.,"2701 PIPELINE ROAD CLEBURNE, TX 76033"
706298,"INTERNATIONAL MULCH COMPANY, INC","P.O. BOX 31366 DES PERES, MO 63131"
706147,INTERNATIONAL RAW MATERIAL LTD.,"600 CHESTNUT ST., SUITE 800 PHILADELPHIA, PA 19106"
202886,"INTERNATIONAL SULPHUR, INC.","P. O. BOX 611 MOUNT PLEASANT, TX 75456-0611"
702069,INTEROCEANIC CORPORATION,"500 EXECUTIVE BLVD., SUITE 103 OSSINING, NY 10562"
702855,INTERRA ENVIRONMENTAL SOLUTIONS,"6010 HALLMARK AVE. #100 AMARILLO, TX 79119"
706484,INTRAKAM S.A. DE C.V.,"BOULEVARD FUTURA #425 COL, CERRITOSSALTILLO, COAHUILA, MEXICO 25019 Mexico"
204101,"INTREPID POTASH - NEW MEXICO, LLC","1996 POTASH MINES ROAD CARLSBAD, NM 88220"
706095,IRON EARTH,"318 MCMICKEN ST. RAWLINS, WY 82301"
703489,"ISAGRO USA, INC.","430 DAVIS DRIVE, SUITE 240 MORRISVILLE, NC 27560"
707798,ITAFOS CONDA LLC,"109 NORTH POST OAK LANE, SUITE 145 HOUSTON, TX 77024"
708118,"ITALPOLLINA USA, INC.","1800 PURDUE PARKWAY ANDERSON, IN 46016"
203780,ITASCA COOPERATIVE GRAIN COMPANY,"P. O. BOX 367 ITASCA, TX 76055"
203419,J & T ENTERPRISES,"P. O. BOX 1083 WILLCOX, AZ 85644"
202931,J. J. MAUGET CO.,"5435 PECK RD. ARCADIA, CA 91006-5847"
203895,J. P. FEED & FERTILIZER,"204 W. 11TH CLIFTON, TX 76634"
201713,"J. R. SIMPLOT CO,","P. O. BOX 198 LATHROP, CA 95330"
706219,J. R. SIMPLOT COMPANY PROFESSIONAL PRODUCTS,"P. O. BOX 198 LATHROP, CA 95330"
203492,"J.R. PETERS, INC.","6656 GRANT WAY ALLENTOWN, PA 18106"
700183,"JACK OLDHAM OIL, INC.","BOX 571 DUMAS, TX 79029"
701289,JACOBY FEED & SEED,"P. O. BOX 806 MELVIN, TX 76858"
201177,"JARVIS-PARIS-MURPHY COMPANY, INC.","P. O. BOX 460 DAWSON, TX 76639"
707828,JBM INDUSTRIES INC.,"481 N. SANTA CRUZ AVE, #163 LOS GATOS, CA 95032"
202743,"JH BIOTECH, INC.","P. O. BOX 3538 VENTURA, CA 93006"
706450,"JIM HICKS AND COMPANY, LLC","565 MERCURY LANE BREA, CA 92821"
706522,JM FERTILIZER LLC,"610 W. AZEELE ST., SUITE 101 TAMPA, FL 33606"
707673,JOHN AND BOB'S CORPORATION,"2151 N HIGHLAND AVE FRESNO, CA 93737"
202876,JOHNSON COUNTY FEEDERS SUPPLY,"302 SOUTH CADDO ST CLEBURNE, TX 76031"
708167,"JONATHAN GREEN, INC.","PO BOX 326 FARMINGDALE, NJ 07727"
201712,JOOST FARMS,"1336 BELOTA WALLA RD. WEST POINT, TX 78963"
701680,"JRM CHEMICAL, INC.","4881 NEO PARKWAY CLEVELAND, OH 44128"
708163,JT DIMMICK,"P. O. BOX 640 GARBERVILLE, CA 95542"
700970,JUSTIN SEED CO.,"P. O. BOX 6 JUSTIN, TX 76247"
708288,"K & N FERTILIZER, LLC","500 HIDDEN OAK ROAD DALE, TX 78616"
202158,"K-AG, INC.","8720 BARBAROSSA NEW BRAUNFELS, TX 78130"
202423,K. D. FARM SERVICE,"DRAWER 330 GRANDVIEW, TX 76050"
704419,KEG RIVER CHEMICAL CORP.,"10350 21 STREETEDMONTON, AB T6P 1W4CANADA Canada"
705273,KELLOGG GARDEN PRODUCTS,"350 W. SEPULVEDA BLVD. CARSON, CA 90745"
203985,"KELLY'S GREEN TEAM,  A DIVISION OF KELLY LIMESTONE, LLC","P.O. BOX 725 KIRKSVILLE, MO 63501"
705682,"KELZYME RESEARCH AND DEVELOPMENT, LLC","1000 HIGHWAY 400 MILL CITY, NV 89418"
702523,KENNETH SICKING FARMS,"4524 FM 1198 GAINESVILLE, TX 76240"
203267,KERENS GRAIN & ELEVATOR,"P. O. BOX 223 KERENS, TX 75144"
707847,KEY GROW SOLUTIONS,"421 LEADER ST. MARION, OH 43302"
701022,KEYPLEX,"P. O. BOX 2515 WINTER PARK, FL 32790"
704591,"KEYTRADE NORTH AMERICA, INC.","ONE TAMPA CITY CENTER 201 N. FRANKLIN STREET TAMPA, FL 33602"
706233,KGS ARGO GROUP,"183 CHESTNUT RIDGE RD. SADDLE RIVER, NJ 07458"
703451,"KITTEN MANUFACTURING AND INVESTMENTS, INC","19810 FM 400 SLATON, TX 79364"
701742,"KMB TECHNOLOGIES, LLC","P. O. BOX 248 KNOX, IN 46534"
202245,"KNOX FERTILIZER CO., INC.","P. O. BOX 248 KNOX, IN 46534"
703704,"KOCH AGRONOMIC SERVICES, LLC","4111 E. 37TH ST. NORTH WICHITA, KS 67220"
706709,"KOCH FERTILIZER CANADA, ULC","1400 17TH STREET EAST, BRANDON, MANITOBA CANADA R7A 7C4 Canada"
707078,KOCH FERTILIZER INTERNATIONAL LIMITED C/O KOCH AG & ENERGY SOLUTIONS LLC,"P.O. BOX 2900 WICHITA, KS 67201"
706104,"KOCH FERTILIZER, LLC","P.O. BOX 2900 WICHITA, KS 67201"
707116,"KOPPERT BIOLOGICAL SYSTEMS, INC","1502 OLD US 23 HOWELL, MI 48843"
203608,KRAUSE AG SERVICE,"14664 HWY 72 KENEDY, TX 78119"
705068,KUGLER  COMPANY,"P.O. BOX 1748 MCCOOK, NE 69001"
203305,L & M SPRAYER SERVICE,"P. O. BOX 116 ENLOE, TX 75441"
200275,LA FERIA GIN & SUPPLY COOPERATIVE,"P.O. BOX 1126 LA FERIA, TX 78559"
705999,LALLEMAND SPECIALTIES INC,"6120 W DOUGLAS AVE MILWAUKEE, WI  53218"
700919,"LAND VIEW FERTILIZER, INC.","P. O. BOX 475 RUPERT, ID 83350"
202105,LANDSCAPE  SALES & SERVICE COMPANY,"6503 SOUTH PADRE ISLAND DRIVE CORPUS CHRISTI, TX 78412"
708277,LANDSCAPERS PRIDE,"P. O. BOX 368 NEW WAVERLY, TX 77358"
704967,"LARK LAND & CATTLE, INC.","302 FM 2880 GROOM, TX 79039"
203415,"LAVACA FEED & FERTILIZER, INC.","1292 US HWY 77 N HALLETTSVILLE, TX 77964"
203159,"LAWN & GARDEN PRODUCTS, INC.","P. O. BOX 35000 FRESNO, CA 93745-5000"
201653,"LAWRENCE FARM & RANCH SUPPLY, INC.","P. O. BOX 798 CROSS PLAINS, TX 76443"
203363,LEBANON SEABOARD CORPORATION,"1600 EAST CUMBERLAND ST. LEBANON, PA 17042"
202631,LEROY'S FERTILIZER & EQUIPMENT CO.,"325 W. HWY 72 KENEDY, TX 78119"
707111,LESAFFRE YEAST CORPORATION,"7475 WEST MAIN STREET MILWAUKEE, WI  53214"
202787,"LESCO, INC.","722 WEBSTER TURN RD. SEBRING, FL 33870"
203705,"LESCO, INC.","15885 SPARGUE RD. STRONGSVILLE, OH 44136-1799"
204153,"LESCO, INC.","1385 EAST 36TH STREET CLEVELAND, OH 44114-4114"
706978,LIDA PLANT RESEARCH LLC,"3104 FREDERICKSBURG WAY MODESTA, CA 95355"
202911,LIDOCHEM INC.,"20 VILLAGE COURT HAZLET, NJ 07730"
204062,"LIGNOTECH USA, INC.","100 GRAND AVENUE ROTHSCHILD, WI  54474"
703746,LILLY MILLER BRANDS,"1000 PARKWOOD CIRCLE, SUITE 700 ATLANTA, GA 30339"
203154,"LINDALE FERTILIZER, INC.","19265 US HWY 69 NORTH LINDALE, TX 75771"
200283,"LINDEMANN FERTILIZER SERVICE, INC.","5451 W. STATE HWY 97 COST, TX 78614-4021"
201415,"LINDNER FEED & MILLING CO., INC.","P.O. BOX 767 COMFORT, TX 78013"
204112,LIVE EARTH PRODUCTS,"P. O. BOX 76 EMERY, UT 84522"
706497,LIVING EARTH,"1901 CALIFORNIA CROSSING RD. DALLAS, TX 75220"
707112,LOCUS AGRICULTURAL SOLUTIONS,"30500 AURORA ROAD SUITE 180 SOLON, OH 44139"
708085,LONE STAR FARMERS COOPERATIVE,"P. O. BOX 89 MERETA, TX 76940"
707000,LOTUS NUTRIENTS,"P. O. BOX 6105 SANTA ROSE, CA 95406"
707689,"LOUIS DREYFUS COMPANY, LLC","444 FM 2006 N CHILLICOTHE, TX 79225"
700053,"LOVELAND PRODUCTS, INC.","P. O. BOX 1286 GREELEY, CO 80632"
201355,LUBIANSKI GRAIN COMPANY,"P. O. BOX 9 SAINT HEDWIG, TX 78152"
704759,LUTZ CORPORATION,"208 NORTH PARKSIDE ROAD NORMAL, IL 61761"
701691,"LYSSY & ECKEL, INC.","P. O. BOX 128 POTH, TX 78147"
200295,M & J FERTILIZER CO.,"P. O. DRAWER C WINNIE, TX 77665"
704003,M & M CATTLE & POULTRY,"2281 CR 319 YOAKUM, TX 77995"
202485,M & P GRAIN INC.,"P. O. BOX 101 SCHWERTNER, TX 76573"
200887,"M-G, INC.","P. O. BOX 697 WEIMAR, TX 78962"
705011,MAESTRO GRO,"613 COLORADO STREET JUSTIN, TX 76247"
707207,"MAGIC DIRT HORTICULTURAL PRODUCTS, LLC","P. O. BOX 241522 LITTLE ROCK, AR 72212"
703872,"MAGLINE, INC","800 S. I-27 PLAINVIEW, TX 79072"
708717,MAIA GROW,"407 WILTON ROAD FARMINGTON, ME 04938"
203643,MAJESTIC EARTH,"770 SILVER ST. AGAWAM, MA 01001"
708814,"MAKHTESHIM AGAN OF NORTH AMERICA, INC. (DBA) ADAMA","3120 HIGHWOODS BLVD, SUITE 100 RALEIGH, NC 27604"
708281,MARILYN'S OWN,"PO BOX 1367 CHINO, CA 91708"
707344,"MARION AG SERVICE, INC.","18745 BUTTEVILLE RD. AURORA, OR 97002"
702021,"MARS FISHCARE NORTH AMERICA, INC.","50 E. HAMILTON ST. CHALFONT, PA 18914"
700566,MARTIN MARIETTA MAGNESIA SPECIALTIES,"8140 CORPORATE DRIVE, STE 220 BALTIMORE, MD 21236"
700171,"MARTIN OPERATING PARTNERSHIP, L.P.","P. O. BOX 191 KILGORE, TX 75663"
201237,MARTINEK GRAIN,"P. O. BOX 430 GUNTER, TX 75058"
706021,"MARTINEZ AG SPRAYING, LLC","P. O. BOX 160 HEIDENHEIMER, TX 76533"
202400,"MASON FEED STORE, INC.","P. O. BOX 418 MASON, TX 76856"
705464,MASTER PLANT-PROD INC.,"314 ORENDA ROADBRAMPTON, ONTARIO, CANADAL6T 1G1 Canada"
203587,"MASTERBLEND INTERNATIONAL, LLC.","7401 S. PULASKI RD. CHICAGO, IL 60629"
202558,"MAXICROP, U.S.A., INC.","P. O. BOX 964 ARLINGTON HEIGHTS, IL 60006"
203698,"MEARS FERTILIZER, INC.","P. O. BOX 1271 EL DORADO, KS 67042"
200305,MEDINA AGRICULTURE PRODUCTS CO. INC.,"4360 HWY 90 WEST HONDO, TX 78861"
702188,"MEHERRIN FERTILIZER, INC.","4136 SEVERN ROAD SEVERN, NC 27877"
708023,"MEI, LLC","1710 CROSSWINDS LANDING FORT WALTON BEACH, FL 32547"
202669,MELVIN AG SUPPLY,"177 PR 538 MELVIN, TX 76858"
707823,"MESA VERDE HUMATES, LLC","P.O. BOX 785 BERNALILLO, NM 87053"
706012,MESSINAS,"55 WILLOW ST. WASHINGTON, NJ 07882"
204080,"MEZFER CROWN, INC.","8415 DATA POINT DR., SUITE 750 SAN ANTONIO, TX 78249"
202261,MFA INCORPORATED,"201 RAY YOUNG DRIVE COLUMBIA, MO 65201-3599"
202691,MICHIGAN PEAT COMPANY,"P. O. BOX 980129 HOUSTON, TX 77098-0129"
203812,"MICOBE, INC.","P. O. BOX 534 HAMILTON, TX 76531"
202156,MICRO-AG,"P. O. BOX 48 STEPTOE, WA 99174"
704157,MICROBES BIOSCIENCES,"4200 RESEARCH FOREST DR., STE 100 THE WOODLANDS, TX 77381"
203292,"MID-WEST FERTILIZER, INC.","P. O. BOX 188 PAOLA, KS 66071"
203541,MIKE CHANEY FERTILIZER,"P. O. BOX 277 FRIONA, TX 79035"
707497,"MILBERGER LANDSCAPING, INC.","3920 N. LOOP 1604 EAST SAN ANTONIO, TX 78247"
705691,"MILLER CHEMICAL & FERTILIZER, LLC","P. O. BOX 333 HANOVER, PA 17331"
203940,MILLER-BOWIE SUPPLY,"P. O. BOX 1110 TEXARKANA, TX 75504"
701409,MILWAUKEE METROPOLITAN SEWERAGE DISTRICT,"260 WEST SEEBOTH STREET MILWAUKEE, WI  53204"
203633,MINCO ELEVATOR & SUPPLY,"P. O. BOX 432 MINCO, OK 73059"
203630,"MIRACLE-GRO LAWN PRODUCTS, INC.","14111 SCOTTSLAWN ROAD MARYSVILLE, OH 43041"
705070,"MIRIMICHI GREEN EXPRESS, LLC","418 HERMITAGE RD. CASTLE HAYNE, NC 28429"
703635,MITCHELL PRODUCTS LLC,"1205 WEST MAIN STREET MILLVILLE, NJ 08332"
707233,"MK MINERALS, INC.","1025 VERNON ROAD WATHANA, KS 66547"
700901,MONTY'S PLANT FOOD CO.,"4800 STRAWBERRY LANE LOUISVILLE, KY 40209"
706885,"MOON VALLEY NURSERY, INC.","19820 N. 7TH STREET #260 PHOENIX, AZ 85024"
700038,"MORRAL COMPANIES, LLC","P. O. BOX 26 MORRAL, OH 43337"
705811,"MOSAIC GLOBAL SALES, LLC","13830 CIRCA CROSSING DRIVE LITHIA, FL 33547"
702720,MUENNINK GRAIN MERCHANDISING,"P. O. BOX 276 LA COSTE, TX 78039"
204105,MULESHOE AG SERVICES,"12663 SH 148 N HENRIETTA, TX 76365"
202996,"MUNCY ELEVATOR INC., DBA SANDHILL ELEVATOR & FERTILIZER","511 FM 784 FLOYDADA, TX 79235"
706344,"MYCORRHIZAL APPLICATIONS, LLC","710 NW ""E"" STREET GRANTS PASS, OR 97526"
701619,MYCSA AG INC.,"3006 JCS INDUSTRIAL DRIVE BROWNSVILLE, TX 78526"
708635,N 7 LLC,"4425 SINGING HILLS BLVD. SIOUX CITY, IA 51106"
203818,NACHURS ALPINE SOLUTIONS,"421 LEADER STREET MARION, OH 43302"
704843,NATIONAL GARDEN WHOLESALE,"5408 NE 88TH STREET VANCOUVER, WA 98665"
709072,NATIONAL LIME & STONE CO.,"551 LAKE CASCADES PARKWAY FINDLAY, OH 45840"
204071,NATIONAL LIQUID FERTILIZER CORP.,"5820 WEST 66TH STREET BEDFORD PARK, IL 60638-6204"
708603,NATIVE EARTH LLC,"PO BOX 337 RUPERT, ID 83350"
708995,"NATURAL AG SOLUTIONS, LLC","251 DEER TRAIL EAST SEBRING, FL 33876"
709033,"NATURAL RESOURCES GROUP, INC.","17612 AVENUE 232 LINDSAY, CA 93247"
708062,"NATURAL TECHNOLOGIES, INC.","10 NORTHERN BLVD, UNIT 20 AMHERST, NH 03031"
706108,NATURE'S CREATION,"P. O. BOX 700932 SAN ANTONIO, TX 78270"
706945,NATURE'S WAY RESOURCES,"101 SHERBROOK CIRCLE CONROE, TX 77385"
706738,NATURES FORMULA,"P. O. BOX 200 BROWNSBORO, TX 75756"
706189,NATURES GUIDE LLC,"1355 N. KINGS HWY NASH, TX 75569"
204034,"NATURES WISDOM, L.L.C.","450 BUSINESS PARK DRIVE, SUITE 100 PROSPER, TX 75078"
708862,NEEM PRO INC.,"5300 WEST MEADOWRIDGE SHERMAN, TX 75092"
701338,NELSON PLANT FOOD CORP.,"P. O. BOX 638 BELLVILLE, TX 77418"
702923,NELSON WHOLESALE SERVICE,"P. O. BOX 370 BROWNWOOD, TX 76804"
708651,NEW EARTH INC.,"12286 HWY 105 EAST CONROE, TX 77306"
203087,NEW ENGLAND FERTILIZER COMPANY,"97 EAST HOWARD STREET QUINCY, MA 02169"
202351,"NEWKIRK FEED, INC.","P. O. BOX 90 ATLANTA, TX 75551"
204005,NIEMEIER FEED & GRAIN,"103 S. MAIN STREET MCGREGOR, TX 76657"
204086,NIPAN LLC,"P. O. BOX 5611 VALDOSTA, GA 31603-5611"
202001,NITRO-PHOS INC.,"P. O. BOX 1356 HOUSTON, TX 77251-1356"
706038,NN STORE LLC,"1501 STAMPEDE AVENUE, #9005 CODY, WY 82414"
704264,"NORTH PLAINS CHEMICAL CO., INC.","P. O. BOX 250 GRUVER, TX 79040"
201522,NORTHEAST TEXAS FARMERS CO-OP,"P. O. BOX 489 SULPHUR SPRINGS, TX 75482"
706213,NORTHWEST LOUISIANA FERTILIZER INC.,"513 GIBBS ST. MANSFIELD, LA 71052"
708925,NOURYON FUNCTIONAL CHEMICALS LLC,"131 SOUTH DEARBORN STREET CHICAGO, IL 60603"
708597,NOUSBO USA INC.,"3010 LYNDON B, JOHNSON FWY 1200 DALLAS, TX 75234"
705907,NOVELTY MANUFACTURING CO.,"1330 LOOP ROAD LANCASTER, PA 17601"
704716,NPK INDUSTRIES,"1600 SKYPARK DRIVE, SUITE 212 MEDFORD, OR 97504"
708724,NUTECH,"5415 LAKE HOWELL ROAD, SUITE 177 WINTER PARK, FL 32792"
704118,NUTRIAG LTD.,"39 GAIL GROVETORONTO, ONTARIO M9M 1M5CANADA Canada"
708177,"NUTRIEN AG SOLUTIONS, INC","P. O. BOX 1286 GREELEY, CO 80632"
702394,"NUTRIENT PLUS, LLC","2133 UPTON DR. STE. 126-509 VIRGINIA BEACH, VA 23454"
202745,"NUTRIENT TECHNOLOGIES, INC.","P. O. BOX 2961 LA HABRA, CA 90631"
708572,"O CROP SERVICES, LLC","P. O. BOX 505 GROOM, TX 79039"
200344,"O'NEAL'S FEEDERS SUPPLY, INC.","P.O. BOX 307 DERIDDER, LA 70634"
203588,"OAKLEY FERTILIZER, INC.","P. O. BOX 935 BEEBE, AR 72012"
705037,"OAKLEY FERTILIZER, INC.","P. O. BOX 17880 NORTH LITTLE ROCK, AR 72117"
203214,"OCEAN CREST SEAFOOD, INC.","88 COMMERCIAL STREET GLOUCESTER, MA 01930"
709000,OCEAN ORGANICS,"P. O. BOX 1448 WALDOBORO, ME 04572"
204014,OGM,"P.O. BOX 3442 CHICO, CA 95927-3442"
706566,OILEAN GLAS TEORANTA,BALLYMOON IND. ESTKILCAR CO. DONEGAL Ireland
708640,OKANAGAN PLANT PRODUCTS,"1945 KIRSCHNER RD,KELOWNA, BC, CANADAV1Y 4N7 Canada"
705781,"OLD BRIDGE CHEMICALS, INC.","554 WATERWORKS RD. OLD BRIDGE, NJ 08857"
703087,"OLDCASTLE LAWN AND GARDEN, INC.","P. O. BOX 468567 ATLANTA, GA 31146"
203939,OLIVIA'S SOLUTIONS INC.,"P. O. BOX 887 CALISTOGA, CA 94515"
708552,OLMIX,LE LINTAN BREHANFRANCE 56580 France
700475,"OMEGA PROTEIN, INC.","2105 CITY WEST BLVD., SUITE 500 HOUSTON, TX 77042"
707503,"OMEX AGRIFLUIDS, INC.","PO BOX 815 SELMA, CA 93662"
708039,OMYA INC,"9987 CARVER RD. SUITE 300 CINCINNATI, OH 45242"
709010,ONIT SCIENCES,"6 UPPER NEWPORT PLAZA DR., STE 201 NEWPORT BEACH, CA 92660"
708151,OPM/BOWER & BRANCH,"115 CROSS STREET MARSHFIELD, MA 02050"
705587,OREGON'S ONLY,"P. O. BOX 7312 SPRINGFIELD, OR 97475"
708095,"ORGANIC LABORATORIES, INC.","5520 GLADES CUT-OFF ROAD FORT PIERCE, FL 34981"
707942,"ORO AGRI, INC","2788 S MAPLE AVE. FRESNO, CA 93725"
708145,"OSPREY BIOTECHNICS, INC.","1845 57TH STREET SARASOTA, FL 34243"
704091,"OSTARA USA, LLC","690-1199 WEST PENDER ST.VANCOUVER, BC V6E 2R1CANADA Canada"
703817,"OUTSIDEPRIDE.COM, INC","915 NORTH MAIN STREET INDEPENDENCE, OR 97351"
708657,"P.F. HARRIS MANUFACTURING COMPANY, LLC","PO BOX 1922 CARTERSVILLE, GA 30120"
708250,"PACIFIC NORTHWEST ORGANICS, LLC","P. O. BOX 44 GASQUET, CA 95543"
708357,PANHANDLE LIQUIDS,"5009 CO RD 1 CLARENDON, TX 79226"
706210,"PATHWAY BIOLOGIC, LLC","111 EAST TEVER STREET PLANT CITY, FL 33563"
702953,"PATTON CUSTOM FERTILIZER, LLC","P.O. BOX 268 SUNRAY, TX 79086"
708670,PBI-GORDON CORPORATION,"P.O. BOX 860350 SHAWNEE, KS 66286"
706692,"PCI NITROGEN, LLC","P. O. BOX 3447 PASADENA, TX 77501"
203800,PCS SALES (USA) INC.,"1101 SKOKIE BLVD., SUITE 400 NORTHBROOK, IL 60062"
708962,"PCS SALES (USA), INC. (A SUBSIDIARY OF NUTRIEN LTD.)","1101 SKOKIE BLVD., STE 400 NORTHBROOK, IL 60062"
705996,PEARL VALLEY ORGANIX INC.,"968 S. KENT ROAD PEARL CITY, IL 61062"
708798,"PELLECHAR, LLC","370 INTERLOCKEN BLVD., STE 680 BROOMFIELD, CO 80021"
203161,"PELLETIZING COMPANY, INC.","248 ROGERS ROAD GORDONSVILLE, TN 38563"
705410,"PENCCO, INC.","P. O. BOX 600 SAN FELIPE, TX 77473"
202961,"PENNINGTON SEED, INC.","P. O. BOX 338 GREENFIELD, MO 65661"
203680,"PENOLES METALS & CHEMICALS, INC.","281 TRESSER BLVD. 12TH FLOOR STAMFORD, CT 06901"
203941,PERFECT BLEND LLC,"10900 NE 8TH ST. #615 BELLEVUE, WA 98004"
200358,PERRYTON EQUITY EXCHANGE,"P. O. BOX 889 PERRYTON, TX 79070"
700047,PETE'S GREENHOUSE,"P.O. BOX 7627 AMARILLO, TX 79114"
708622,"PHASE II, INC.","P. O. BOX 185 REMINGTON, IN 47977"
706489,"PINNACLE AGRICULTURE DISTRIBUTION, INC.","3400 PLAYERS CLUB PARKWAY, SUITE 210 MEMPHIS, TN 38125"
707851,"PINNACLE AGRICULTURE DISTRIBUTION, INC.","1880 FALLS RIVER DR. #100 LOVELAND, CO 80538"
708389,PIVOT BIO,"2929 SEVENTH STREET BERKELEY, CA 94710"
202039,"PLAINS GRAIN CO., INC.","P. O. BOX 188 ABERNATHY, TX 79311"
708784,"PLANT FOOD COMPANY, INC.","38 HIGHSTOWN CRANBURY STATION RD CRANBURY, NJ 08512"
204094,PLANT FOOD SYSTEMS INC.,"P. O. BOX 775 ZELLWOOD, FL 32798"
707075,PLANT IMPACT INC.,"3005 CARRINGTON MILL BLVD. MORRISVILLE, NC 27560"
704993,PLANT IMPACT PLC,"2502 CEDAR RIDGE DR. GERMANTOWN, TN 38138-6012"
200878,PLANT MARVEL LABORATORIES,"371 EAST 16TH ST. CHICAGO HEIGHTS, IL 60411"
707342,"PLANT RESPONSE BIOTECH, S.L.","CENTRO DE EMPRESAS - CAMPUS MONTEGANCEDO UPMPOZUELO DE ALARCONMADRID, SPAIN 28223 Spain"
204195,"PLANT REVOLUTION, INC.","412 GOETZ AVE. SANTA ANA, CA 92707"
706060,PLANT SCIENCE INC.,"2934 VANDORF SIDE ROADGORMLEY, ONTARIO L0H 1G0CANADA Canada"
705603,PLANT TECHNOLOGY MARKETING GROUP LLC,"4207 SE WOODSTOCK #357 PORTLAND, OR 97206"
707886,PLANT TUFF,"9600 MERCIER DEARBORN, MI 48120"
203427,PLANTABBS PRODUCTS,"P. O. BOX 165 HUNT VALLEY, MD 21030"
704169,PLANTATION PRODUCTS LLC,"202 SOUTH WASHINGTON ST. NORTON, MA 02766"
707788,POLDRACK GRAIN & CATTLE LLC,"3300 FM 1466 COUPLAND, TX 78615"
200366,"POOLE CHEMICAL COMPANY, INC.","P. O. BOX 10 TEXLINE, TX 79087"
707468,"POOLE CHEMICAL COMPANY, INC.","12498 MACKEY RD. DALHART, TX 79022"
201528,"POSTIVE FEED, LTD","P. O. BOX 1049 SEALY, TX 77474-1049"
701224,"POTTS FEED STORE - QUITMAN, INC.","P. O. BOX 1387 QUITMAN, TX 75783"
202404,"POTTS FEED STORE, INC.","119 NORTH TEXAS ST. EMORY, TX 75440"
202541,PQ CORPORATION,"P. O. BOX 840 VALLEY FORGE, PA 19482"
706118,PRECISION AG PRODUCTS INC.,"200 S. LOUISIANA STE 120 CELINA, TX 75009"
704885,"PRECISION LABORATORIES, LLC.","1429 S. SHIELDS DR. WAUKEGAN, IL 60085"
203754,"PREMIER HORTICULTURE, INC","200 KELLY ROAD, UNIT E-1 QUAKERTOWN, PA 18951"
705824,PREMIER TECH,"1 AVENUE PREMIERRIVIERE-DU-LOUP QCQUEBEC ,CANADA  G5R 6C1 Canada"
708164,PRIME SOURCE LLC,"P. O. BOX 250 MIDDLESEX, NC 27557"
705298,"PRIMERA TURF, INC.","3677 GUILDHALL TRAIL MARIETTA, GA 30066"
707472,"PRINCE AGRI PRODUCTS, INC.","229  RADIO ROAD QUINCY, IL 62305"
708330,"PRINCE ERACHEM MEXICO, S.A. DE C.V.","CARRETERA TAMPICO-VALLES FM 28TAMOS, PANUCOVERACRUZ, 92018 MEXICO Mexico"
706476,"PRINCE MINERALS, LLC","P.O. BOX 251 QUINCY, IL 62306"
704626,PRO PRODUCTS LLC.,"7201 ENGLE ROAD FORT WAYNE, IN 46804"
701661,"PRO-SOIL AG SOLUTIONS, INC.","P. O. BOX 1537 HAWKINS, TX 75765"
202867,PRO.SOL,"P. O. BOX 1589 OZARK, AL 36361-1589"
200371,PRODUCERS COOPERATIVE ASSOCIATION,"P.O. BOX 1112 BRYAN, TX 77806"
200372,PRODUCERS COOPERATIVE MARKETING ASSOCIATION,"210 S. CASTELL NEW BRAUNFELS, TX 78131-0685"
707221,"PROFARM, INC.","C/O INCORPORATING SERVICES, LTD. DOVER, DE 19901"
701869,PROFILE PRODUCTS LLC,"750 WEST LAKE COOK ROAD, SUITE 440 BUFFALO GROVE, IL 60089"
702212,PROFITMAX AG,"2069 FM 89 BUFFALO GAP, TX 79508"
705020,"PROTEA BOTAN US, INC.","1039 AUTUMN OAKS CIRCLE COLLIERVILLE, TN 38017"
703293,PROVEN WINNERS NORTH AMERICA LLC,"45 NORTH FIRST ST., STE B CAMPBELL, CA 95008"
203016,PROVIDENCE FARM SUPPLY,"300 FM 788 LOCKNEY, TX 79241-9466"
201251,PRUSKI SEED & FERTILIZER,"8844 STATE HWY 123-S STOCKDALE, TX 78160"
702606,PRYOR CHEMICAL COMPANY,"P. O. BOX 429 PRYOR, OK 74361"
705882,"PURELY ORGANIC PRODUCTS, LLC","1 NEW HAMPSHIRE AVE., SUITE 125 PORTSMOUTH, NH 03801"
708385,PURSELL AGRI-TECH LLC,"104 CALHOUN AVE. SYLACUAGA, AL 35150"
706801,QC CORPORATION,"1001 WINSTEAD DRIVE, SUITE 480 CARY, NC 27513"
706737,"QUACHITA FERTILIZER COMPANY, LLC","2500 STERLINGTON ROAD MONROE, LA 71203"
203736,QUALITY BORATE COMPANY,"3690 ORANGE PLACE, SUITE 495 CLEVELAND, OH 44122"
204149,"QUALITY FERTILIZER, INC.","1001 COMMERCE LANE COLUMBUS, TX 78934"
706279,"QUALITY LIQUID FEEDS, INC","P. O. BOX 240 DODGEVILLE, WI  53533"
202160,R. B. COOK & COMPANY,"P. O. BOX 578 GILMER, TX 75644"
709011,RACHIO INC.,"1321 15TH STREET DENVER, CO 80202"
703355,RAINBOW TREECARE SCIENTIFIC ADVANCEMENTS,"11571 K-TEL DRIVE MINNETONKA, MN 55343"
705135,RALCO NUTRITION,"1600 HAHN ROAD MARSHALL, MN 56258"
202880,RANCH LAND FEED AND FERTILIZER,"P. O. BOX 1227 GOLDTHWAITE, TX 76844"
702328,RAPIDGROW INDUSTRIES INC.,"20203 113B AVE.MAPLE RIDGE, BC V2X OZ1CANADA Canada"
203417,RATER-PROCTOR FERTILIZER,"P. O. BOX 1387 BOWIE, TX 76230"
708830,RCCI INC.,"4903 THOMASON DRIVE MIDLAND, TX 79703"
707421,"RDR FARMS, LLC","150 CR 1670 ALVORD, TX 76225"
200383,"RED RIVER FARM COOP, INC.","P. O. BOX 858 GAINESVILLE, TX 76240"
701820,"RED RIVER SPECIALTIES, INC.","7545 HAYGOOD ROAD SHREVEPORT, LA 71107"
708576,REDENTA'S GARDEN,"P. O. BOX 13560 ARLINGTON, TX 76094"
702230,"REDOX CHEMICALS, LLC","P. O. BOX 129 BURLEY, ID 83318"
705034,REFORESTATION TECHNOLOGIES INTERNATIONAL,"5355 MONTEREY FRONTAGE ROAD GILROY, CA 95020"
202689,REGAL CHEMICAL COMPANY,"P. O. BOX 900 ALPHARETTA, GA 30239"
706356,REIZIGER PTY LTD,"335 HAY STREETSUBIACO, WESTERN AUSTRALIA 6008 AU Australia"
706496,REMO BRANDS,20295 113B  UNIT 14MAPLE RIDGE BC V2X6E9CANADA Canada
706770,REPAR CORPORATION,"P. O. BOX 4321 SILVER SPRING, MD 20914"
707793,RESIDEX LLC,"15415 MARQUARDT AVE. SANTA FE SPRINGS, CA 90670"
204051,"RESTORA-LIFE MINERALS, LLC","439 RAMSEY AVENUE, SUITE G CHAMBERSBURG, PA 17201"
705747,"REUSABLE ENERGY, LLC","4600 WRIGHT ROAD STAFFORD, TX 77477"
701077,"REVIVE, INC.","6501 W. 91ST AVE. WESTMINISTER, CO 80031"
203591,REYNOLDS FERTILIZER,"5965 FM 607 S LARUE, TX 75770"
703613,RHINO SEED & TURF SUPPLY,"P. O. BOX 86 BRADLEY, MI 49311"
707770,"RHIZOFLORA, INC","125 S. MAIN ST.  UNIT # 318 SEBESTOPOL, CA 94572"
700831,RHIZOGEN,"4200 RESEARCH FOREST DRIVE, SUITE 100 THE WOODLANDS, TX 77381"
202630,"RICHLAWN TURF FOOD, LLC.","15121 WELD COUNTY RD. 32 PLATTEVILLE, CO 80651"
703047,"RICHMON FARM SUPPLY, INC.","5600 FM 45 SOUTH BROWNWOOD, TX 76801"
201555,"RIDDLE FERTILIZER FEED & SEED, INC.","6733 E. HWY 67 NEMO, TX 76070"
705264,RIDLEY BLOCK OPERATIONS,"111 WEST CHERRY STREET, SUITE 500 MANKATO, MN 56001"
201900,RIGGS FEED & FERTILIZER,"1003 W. PIERCE ST. SAN SABA, TX 76877"
706884,"RITE PACK, INC.","502 SOUTH 15TH ST. ELWOOD, KS 66024"
702061,RNA,"7 E. WASHINGTON AVE. YAKIMA, WA 98903"
700956,RNA - A BRANCH OF WILBUR-ELLIS COMPANY,"P. O. BOX 210 SAN JOAQUIN, CA 93660"
203652,ROBERT PAYNE AGRI-BUSINESS,"122 SOUTH AVE D CLIFTON, TX 76634"
704760,ROCK HOLDINGS SA PTY LTD.,"CNR. BRIAN AND LYNDSAY ROADLONSDALE, SOUTH AUSTRALIA 5160 Australia"
701206,"ROCKING J FARM SERVICES, LLC","1238 FM 1624 GIDDINGS, TX 78942"
705792,"ROCKY MOUNTAIN BIO PRODUCTS A DIVISION OF BOWMAN CONSTRUCTION SUPPLY, INC.","10801 E. 54TH AVE. DENVER, CO 80239"
203765,ROD MCLELLAN CO.,"914 S. CLAREMONT ST. SAN MATEO, CA 94402"
203830,ROD MCLELLAN CO.,"P. O. BOX 70 INDEPENDENCE, OR 97351"
701339,ROD MCLELLAN COMPANY,"141111 SCOTTSLAWN ROAD MARYSVILLE, OH 43041"
708799,"ROGITEX, INC.","76 BOUL. HYMUSPOINTE-CLAIRE, QUEBEC H9R 1E3CANADA Canada"
203500,ROLF C. HAGEN (U.S.A.) CORP.,"305 FORBES BLVD. MANSFIELD, MA 02048"
203724,"ROOTBLAST INTERNATIONAL, INC.","2207 KIMBALL RD. SE CANTON, OH 44707"
202314,ROSEBUD PLANT FOOD,"P. O. BOX 455 ROSEBUD, TX 76570"
705349,"ROSEN'S, INC.","700 SW 291 HWY, STE 204 LIBERTY, MO 64068"
707390,"ROTAM NORTH AMERICA, INC.","4900 KOGER BLVD., SUITE #140 GREENSBORO, NC 27407"
203107,ROTH FERTILIZER,"796 ROTH ROAD BOWIE, TX 76230"
707394,"ROUND TOP FARM AND RANCH SUPPLY, LLC","P. O. BOX 269 ROUND TOP, TX 78954"
201112,ROXTON FEED MILL,"P. O. BOX 248 ROXTON, TX 75477"
704360,"ROYAL-GRO PRODUCTS, LLC","P. O. BOX 52099 TULSA, OK 74152"
706996,RSS AG PRODUCTS,"300 31ST. STREET S TEXAS CITY, TX 77590"
203845,"RWH FARMS, INC.","P. O. BOX 263 WAMEGO, KS 66547"
708782,"RX GREEN TECHNOLOGIES, LLC","15 TINKER AVE. LONDONBERRY, NH 03053"
203542,S & L FEED & FERTILIZER,"2470 U.S. HIGHWAY 77 LOTT, TX 76656-3501"
703745,S & S ENTERPRISES LLC.,"P. O. BOX 148 ERA, TX 76238"
202047,"S.D.T. INDUSTRIES, INC.","P. O. BOX 805 WINNSBORO, LA 71295"
705335,S.F. SULFUR CORPORATION,"608 E SECOND ST. FREEPORT, TX 77541"
704143,"SAFER, INC., A WHOLLY-OWNED SUBSIDIARY OF WOODSTREAM CORPORATION","69 NORTH LOCUST STREET LITITZ, PA 17543"
202595,SAMPOLK CORPORATION,"6511 SPRINGER ST. HOUSTON, TX 77087"
202618,SAN JACINTO ENVIRONMENTAL SUPPLIES,"2221-A WEST 34TH STREET HOUSTON, TX 77018"
200407,SAN PATRICIO COUNTY COOPERATIVE,"P. O. BOX 96 EDROY, TX 78352"
707470,SBM LIFE SCIENCE CORPORATION,"1001 WINSTEAD DRIVE, SUITE 500 CARY, NC 27513"
706590,SCHAEFFER MANUFACTURING CO.,"102 BARTON ST. ST. LOUIS, MO 95616"
202869,SCHULTE FARM SERVICES,"12965 FM 50 BRENHAM, TX 77833"
203631,"SCOTTS MIRACLE-GRO PRODUCTS, INC.","14111 SCOTTSLAWN ROAD MARYSVILLE, OH 43041"
703478,"SEAAGRI, INC.","P. O. BOX 88237 DUNWOODY, GA 30356"
700310,"SEACHEM LABORATORIES, INC.","1000 SEACHEM DRIVE MADISON, GA 30650"
203198,"SEAHORN FERTILIZER, INC.","P. O. BOX 485 GILMER, TX 75644"
200416,"SEALY OIL MILL & FEED, INCORPORATED","BOX 1048 SEALY, TX 77474"
708116,SEARLES VALLEY MINERALS,"13200 MAIN STREET TRONA, CA 93562"
707575,"SEAWIN BIOTECH USA, INC","19901 HARRISON AVE. CITY OF INDUSTRY, CA 91789"
707285,SEBER FEED & SUPPLY,"10809 HUFSMITH KUYKENDAHL RD. TOMBALL, TX 77375"
707093,"SECURE RESOURCES, INC.","3704 47TH ST.WETASKIWIN, ABERTA T9A- 2JICANADA Canada"
703184,SGS EL MATON,"P.O. BOX 34 EL MATON, TX 77440"
703182,SGS ELCAMPO,"FM 1162 ROAD/406 MARKET STREET EL CAMPO, TX 77437"
704742,SGS HALLETTSVILLE,"P. O. BOX 323 HALLETTSVILLE, TX 77964"
703183,SGS HEMPSTEAD,"P.O. BOX 947 HEMPSTEAD, TX 77445"
703180,SGS HILLJE,"119 CR 313 LOUISE, TX 77455"
703179,SGS HOLLAND,"421 N. FRANKLIN STREET, HIGHWAY 95N HOLLAND, TX 76534"
704325,SGS LIBERTY,"914 HIGHWAY 90 LIBERTY, TX 77575"
703185,SGS PLACEDO,"13739 U.S. HIGHWAY 87 SOUTH VICTORIA, TX 77905"
703186,SGS POINT COMFORT,"P.O. BOX 525 POINT COMFORT, TX 77978"
703181,SGS WHARTON,"2955 HWY 60 SOUTH WHARTON, TX 77488"
203841,SHADES OF TEXAS,"5665 FARLEY RD. HOUSTON, TX 77034"
707147,"SHARKEY PRODUCTS, LLC","305 HENRIETTE AVE. CRIVITZ, WI  54114"
203014,"SHELL BEACH, INC.","842 FISHER ROAD MANY, LA 71449"
202035,SHELTON FEED AND FERTILIZER,"909 HWY 82 WEST NEW BOSTON, TX 75570"
704427,SIGMA AGRISCIENCE,"2565 FM 1096 BOLING, TX 77420"
708353,SILVER CREEK MATERIALS,"P. O. BOX 150665 FORT WORTH, TX 76108"
701238,SIMMONS FERTILIZER,"3967 FM 1756 EAST CROWELL, TX 79227"
706064,SIMPLOT GROWER SOLUTIONS,"119 CR 313 LOUISE, TX 77455"
706222,SIMPLOT GROWER SOLUTIONS,"P. O. BOX 187 HOLLAND, TX 76534"
706223,SIMPLOT GROWER SOLUTIONS,"2955 HWY 60 SOUTH WHARTON, TX 77488"
706224,SIMPLOT GROWER SOLUTIONS,"P. O. BOX 34 EL MATON, TX 77440"
706227,SIMPLOT GROWER SOLUTIONS,"2415 US HWY 90 A W HALLETTSVILLE, TX 77964"
706220,SIMPLOT GROWERS SOLUTIONS,"P. O. BOX 947 HEMPSTEAD, TX 77445"
706221,SIMPLOT GROWERS SOLUTIONS,"P. O. BOX 525 POINT COMFORT, TX 77978"
706225,SIMPLOT GROWERS SOLUTIONS,"13739 US HWY 87 SOUTH VICTORIA, TX 77905"
706226,SIMPLOT GROWERS SOLUTIONS,"833 CR 612 DAYTON, TX 77535"
708863,SIMPLYGRO LLC,"373 SOUTH WILLOW STREET, SUITE 289 MANCHESTER, NH 03103"
705980,"SIPCAM AGRO USA, INC.","2525 MERIDAN PARKWAY, SUITE 350 DURHAM, NC 27713"
706044,SJ ENTERPRISES PTY LTD,"7 O'CONNOR COURTGEPPS CROSS, SA 5094AUSTRALIA Australia"
704990,SJ ENTERPRISES PTY LTD.,"63 LANGFORD STREETPOORAKA, SOUTH AUSTRALIA 5095 Australia"
203086,SMITH FERTILIZER,"P. O. BOX 1010 CHEYENNE, OK 73628"
201490,SNYDER FARM & RANCH SUPPLY,"P. O. BOX 227 SNYDER, TX 79550"
703949,"SOIL & PLANT SOLUTIONS, LLC","1316 SOUTH 400 EAST, UNIT D-3 SAINT GEORGE, UT 84790"
708825,SOIL DIVA LLC,"405 CROW LANE BILLINGS, MT 59105"
203664,SOIL MENDER PRODUCTS,"3071 HWY 86 TULIA, TX 79088"
707420,"SOIL SCIENCE PRODUCTS, LLC","PO BOX 1106 PORT ORCHARD, WA 98366"
700331,"SOIL WORKS, LLC","4200 WEST 8TH STREET YANKTON, SD 57078"
706299,"SOILBLEND, INC.","5000-18 U.S. HIGHWAY 17 SOUTH #107 FLEMING ISLAND, FL 32003"
702348,"SOLU-CAL USA, LTD.","P. O. BOX 278 WEST WAREHAM, MA 02576"
704991,"SOLUTIONS 4 EARTH, LLC","931 AMERICAN PACIFIC DRIVE #104 HENDERSON, NV 89014"
706382,"SOLVAY USA, INC.","8 CEDAR BROOK DRIVE CRANBURY, NJ 08512"
703761,"SOMERVILLE FARM & RANCH, INC.","P. O. BOX 818 SOMERVILLE, TX 77879"
700826,SONO AG PRODUCTS,"P. O. BOX 422 PLAINVIEW, TX 79073"
707943,"SOURCE TO SOURCE , A TAP FAMILY COMPANY","3233 SOUTH ""I"" STREET TULARE, CA 93274"
706065,SOUTH COAST HORTICULTURAL SUPPLY,"26895 ALISO CREEK RD. B685 ALISO VIEJO, CA 92656"
707728,"SOUTH PLAINS IRRIGATION, INC","213 1ST STREET OLTON, TX 79064"
203153,"SOUTHEAST TEXAS FARM & RANCH, INC.","P. O. BOX 309 RAYWOOD, TX 77582"
202855,"SOUTHERN AGRICULTURAL INSECTICIDES, INC.","P. O. BOX 218 PALMETTO, FL 34220"
705044,SOUTHERN ORGANICS & SUPPLY,"P. O. BOX 25786 CHARLOTTE, NC 28229"
203463,"SOUTHERN STATES COOPERATIVE, INC.","P. O. BOX 26234 RICHMOND, VA 23260"
201065,SOUTHWEST FERTILIZER,"5828 BISSONNET HOUSTON, TX 77081"
202794,"SPECTRUM GROUP, DIVISION OF UNITED INDUSTRIES, CORP.","P. O. BOX 142642 ST. LOUIS, MO 63114-0642"
707858,"SPIKED SOIL HOLDINGS, LLC","2024 COUNTY ROAD 388, BLDG B. CLEVELAND, TX 77328"
703624,"SPRA-GREEN LAWN FERTILIZER, LLC","P. O. BOX 845 PORTALES, NM 88130"
202750,SPRAY-N-GROW INC.,"P. O. BOX 2137 ROCKPORT, TX 78382"
201450,SPRINGLAKE FARM CHEMICAL CO.,"BOX 98 SPRINGLAKE, TX 79082"
704521,SQM NORTH AMERICA CORPORATION,"2727 PACES FERRY ROAD ATLANTA, GA 30339"
203178,SR FARMS,"452 VZCR 2142 WILLS POINT, TX 75169"
707084,ST BIOLOGICAL INCORPORATED,"10804 NORMANDALE BLVD. BLOOMINGTON, MN 55437"
200439,STANDLEY FEED & SEED INC.,"P. O. BOX 489 MADISONVILLE, TX 77864"
702115,STARK BRO'S NURSERIES & ORCHARDS CO.,"P. O. BOX 1800 LOUISIANA, MO 63353"
202738,STEVENS FERTILIZER,"P. O. BOX 42 OAKWOOD, TX 75855"
700436,STIMUPRO LLC,"23507 C.R. 62 NORTH ROBERTSDALE, AL 36567"
202352,STOCKMAN SEED & FERTILIZER,"932 W. NAVARRO AVE. DE LEON, TX 76444"
204136,STOCKTON CHEMICAL INC.,"P. O. BOX 130 WALLIS, TX 77485"
202779,"STOLLER ENTERPRISES, INC.","9090 KATY FREEWAY, SUITE 400 HOUSTON, TX 77024"
706842,"STOLLER ENTERPRISES, INC.","4001 W. SAM HOUSTON PKWY. N., SUITE 100 HOUSTON, TX 77043"
708906,SUCCESS NUTRIENTS,"3700 QUEBEC STREET #100-325 DENVER, CO 80207"
707266,SUL4R-PLUS LLC,"13287 O'BANNON STATION WAY LOUISVILLE, KY 40223"
704772,"SULVARIS, INC.","6443 2 ND ST. SECALGARY, AB T2H 1J5CANADA Canada"
706706,SUN BULB COMPANY,"1615 SW HWY 17 ARCADIA, FL 34266"
704980,SUN GRO HORTICULTURE DISTRIBUTION INC,"770 SILVER STREET AGAWAM, MA 01001"
203819,SUN GRO HORTICULTURE DISTRIBUTION INC.,"15831 N.E. 8TH STREET, SUITE 100 BELLEVUE, WA 98008"
703433,SUNBELT,"P. O. BOX 30501 MEMPHIS, TN 38130"
702993,"SUNBELT CUSTOM MINERAL, LLC","1276 FM 2560 SULPHUR SPRINGS, TX 75482"
701049,SUNLEAVES GARDEN PRODUCTS,"7854 NORTH STATE ROAD 37 BLOOMINGTON, IN 47404"
707445,"SUNLIGHT SUPPLY, INC","3204 NW 38TH CIRCLE VANCOUVER, WA 98660"
203355,SUNNILAND CORPORATION,"P. O. BOX 8001 SANFORD, FL 32772-1697"
707106,SUNNILAND CORPORATION,"1735 SR 419 LONGWOOD, FL 32750"
701576,SUNSHINE PAPER COMPANY,"12601 E. 33RD AVE. #109 AURORA, CO 80011-1839"
707757,SUNTTON BIOCHEMICAL LTD.,"SUITE 102, 11830 223RD STREET, UNIT 200MAPLE RIDGE, BC V2X 5Y1CANADA Canada"
707730,SUPERTHRIVE,"12610 SATICOY STREET SOUTH NORTH HOLLYWOOD, CA 91605"
703575,"SURE CROP DIV. OF AG CONNECTIONS SALES, INC.","877 HIGHWAY 36 SENECA, KS 66538"
203547,"SUREGROW AGRICULTURAL PRODUCTS, INC.","250 CR 416 COMANCHE, TX 76442"
700922,"SUSTAINABLE GROWTH TEXAS, LLC","410 CR 493 GRANGER, TX 76530"
702583,"SUSTANE NATURAL FERTILIZER, INC.","P. O. BOX 19 CANNON FALLS, MN 55009"
708808,"SUSTANITE, INC.","P. O. BOX 15035 HOUSTON, TX 77220"
202487,SWAIM FARM & RANCH SUPPLY,"2910 HILL CITY HIGHWAY TOLAR, TX 76476"
203485,"SWISS FARMS PRODUCTS, INC.","3993 HOWARD HUGHES PARKWAY, SUITE 250 LAS VEGAS, NV 89169-6754"
705391,"SYMBORG, INC.","30262 CROWN VALLEY PARKWAY, STE B-513 LAGUNA NIGUEL, CA 92677"
705705,"SYNAGRO OF TEXAS CDR, INC.","501 WOODALL ROAD DECATUR, AL 35601"
704065,"SYNGENTA CROP PROTECTION, LLC","P. O. BOX 18300 GREENSBORO, NC 27419-8300"
203890,"T AND N, INC.","P. O. BOX 240 FORISTELL, MO 63348"
701913,T-NOU NV,"SCHARLOOWEG 25CURACAO, THE NETHERLANDS ANTILLES Netherlands"
202017,"T-VILLE FERTILIZER, INC.","8365 W. FM 217 GATESVILLE, TX 76528"
705206,TALC U.S.A.,"1710 141ST. AVE SE PAGE, ND 58064"
706230,TARGET SPECIALTY PRODUCTS,"920 S. FREEPORT, STE 220 COPPELL, TX 75028"
203499,"TASCON, INC.","P. O. BOX 40970 HOUSTON, TX 77240"
704100,TECHNAFLORA PLANT PRODUCTS LTD,"7261 RIVER PLACE #101MISSION, BRITISH COLUMBIA V4S 0A2CANADA Canada"
708562,"TEP, INC.","10700 ROAD 30 MADERA, CA 93637"
705328,TERRA RENEWAL,"P.O. BOX 399 DARDANELLE, AR 72834"
704862,TERRA4M INC.,"3809 NORTHPARK DR. THE COLONY, TX 75056"
708855,TERRACE BRANDS,"3993 HOWARD HUGHES PARKWAY, SUITE 250 LAS VEGAS, NV 89169-6754"
709063,"TERRAMAX, INC.","3650 DODD ROAD EAGAN, MN 55123"
203204,"TESSENDERLO KERLEY, INC.","2255 N. 44TH ST., #300 PHOENIX, AZ 85008"
203775,"TETRA TECHNOLOGIES, INC.","24955 INTERSTATE 45 NORTH THE WOODLANDS, TX 77380"
704842,TEVA CORP.,"6100 STATE HWY 77 BENTON, MO 63736"
707232,"TEXAS ALL NATURAL, INC.","402 CYPRESS STREET, SUITE 602 ABILENE, TX 79601"
708983,TEXAS BIOTECHNOLOGY INC.,"8920 FM 359 ROAD RICHMOND, TX 77406"
707681,"TEXAS EARTH, INC.","P. O. BOX G IDALOU, TX 79329"
200460,TEXAS FARM PRODUCTS COMPANY,"P. O. BOX 630009 NACOGDOCHES, TX 75963"
707006,TEXAS PRODUCERS COOPERATIVE,"222 NORTH MAIN SUDAN, TX 79371"
202934,"TEXHOMA WHEAT GROWERS, INC.","P. O. BOX 250 TEXHOMA, TX 73960"
708101,"THE AMERICAN ROOT COMPANY, LLC","P. O. BOX 614 GRANTS PASS, OR 97528"
705380,"THE ANDERSONS, INC.","P. O. BOX 119 MAUMEE, OH 43537"
201204,THE BOYCE FEED & GRAIN CORP.,"103 FM 55 WAXAHACHIE, TX 75165"
203405,THE COPANO INSTITUTE INC.,"4606 COPANO CT. AUSTIN, TX 78749"
200115,THE DAVEY TREE EXPERT COMPANY,"1500 NORTH MANTUA ST. KENT, OH 44240"
202410,THE DOGGETT CORPORATION,"30 CHERRY ST. LEBANON, NJ 08833"
203298,THE ESPOMA CO.,"6 ESPOMA ROAD MILLVILLE, NJ 08332"
703985,THE GARDEN PATCH,"P, O. BOX 550 ST. PETERSBURG, FL 33701"
704774,THE GROUND UP,"9945 WINDFERN RD. HOUSTON, TX 77064"
705683,THE HAWTHORNE GARDENING COMPANY,"800 PORT WASHINGTON BLVD. PORT WASHINGTON, NY 11050"
200714,THE J. C. SMITH COMPANY,"471 S. HWY 16 SAN SABA, TX 76877"
707343,THE KRAFT FAMILY WORM RANCH,"303 FIRST STREET CENTER POINT, TX 78010"
708655,"THE ORGANIC MECHANICS SOIL COMPANY, LLC","PO BOX 272 MODENA, PA 19358"
203831,THE ORTHO GROUP,"P. O. BOX 190 MARYSVILLE, OH 43040"
701853,THE SANCTUARY,"P.O. BOX 656 WINTER PARK, CO 80482"
203053,THE SCOTTS COMPANY,"14111 SCOTTSLAWN ROAD MARYSVILLE, OH 43041"
707211,THE SOIL KING GARDEN CENTER,"320 SANTANA DR. CLOVERDALE, CA 95425"
203627,THE ULTIMATE FERTILIZER CO.,"C/O C.M.A. DISTRIBUTORS, INC. OBERLIN, KS 67749"
708535,THIS LAND INC.,"1434 SPRUCE ST., SUITE 100 BOULDER, CO 80302"
202078,"THORNTON FEED MILL, INC.","P. O. BOX 147 CISCO, TX 76437"
204162,TIERRA RESOURCES INTERNATIONAL INC.,"8416 RANCHO COLINA NW ALBUQUERQUE, NM 87120"
204155,"TIGER-SUL PRODUCTS, LLC.","P. O. BOX 5 ATMORE, AL 36504"
701974,"TIGER-SUL PRODUCTS, LLC.","65 STORK ROAD STOCKTON, CA 95203"
203132,TILLMAN PRODUCERS COOP,"P. O. BOX 929 FREDERICK, OK 73542"
706274,"TIMAC AGRO USA, INC","P.O. BOX 888 READING, PA 19607"
702727,TJ TECHNOLOGIES,"3003 9TH AVE SW WATERTOWN, SD 57201"
203862,TM AG SERVICE,"1338 W. FM 884 GOLIAD, TX 77963"
705672,"TONY'S SEED & FEED, INC.","119 S. MAIN STREET MUENSTER, TX 76252"
708773,TOPBUXUS GROWING SOLUTIONS,"MARKWEG 5,AC STRIJBEEK,THE NETHERLANDS Netherlands"
704106,"TOWER GARDEN, LLC","140 CRESCENT DRIVE COLLIERVILLE, TN 38017"
705347,"TRAMMO, INC.","3000 BAYPORT DR., SUITE 100 TAMPA, FL 33607-8403"
708577,"TRANLIN , INC","4470 COX RD., STE 101 GLEN ALLEN, VA 23060"
708334,TRASHCAN LLC,"953 ISLINGTON ST., SUITE 22 PORTSMOUTH, NH 03801"
203839,TREE TECH MICROINJECTION SYSTEMS,"950 SE 215TH AVE. MORRISTON, FL 32668"
707737,"TRI - C ENTERPRISES, LLC","P.O. BOX 1367 CHINO, CA 91708-1367"
706462,"TRI-COUNTY WAREHOUSE & MILL, LLC","9635 FM 3377 MATHIS, TX 78368"
707414,"TRI-STARCO , INC.","4711 HWY 36 SOUTH, SUITE 36 ROSENBURG, TX 77471"
706678,TRI-STATE AG & ENVIRONMENTAL LLC.,"BOX 353 ARNETT, OK 73832"
202648,TRIANGLE FERTILIZER,"P. O. BOX 822 WINNSBORO, TX 75494"
705928,"TRUE ORGANIC PRODUCTS, INC.","20225 WEST KAMM AVENUE HELM, CA 93627"
705294,TURFGRASS MANAGEMENT INC. DBA GRIGG BROS.,"P. O. BOX 128 ALBION, ID 83311"
708820,TWO CREEK FEED & FARM LLC,"6703 OLD MILL CREEK RD. BRENHAM, TX 77833"
202921,"TYCO GENERAL FEED & RANCH SUPPLY, INC.","1154 HWY 69 SOUTH WOODVILLE, TX 75979"
701359,U.S. BORAX INC.,"14486 BORAX ROAD BORON, CA 93516-2000"
204190,UF GRANULAR FERTILIZER LLC,"132 POSTAL ROAD MORRAL, OH 43337"
707507,ULTRA YIELD MICRONUTRIENTS,"PO BOX 1167 MOXEE, WA 98936"
704469,"UNCO INDUSTRIES, INC.","1577 11th AVENUE UNION GROVE, WI  53182"
704249,UNITED AGRICULTURAL COOPERATIVE INC.,"P. O. BOX 826 EL CAMPO, TX 77437"
203575,"UNITED COMPOST & ORGANICS, INC.","P. O. BOX 787 ARCATA, CA 95518"
704475,UNITED FERTILIZER TECHNOLOGIES,"5045 COUNTY DRIVE DISPUNTANTA, VA 23842"
200487,UNITED STATES GYPSUM COMPANY,"550 WEST ADAMS STREET #174 CHICAGO, IL 60661-3676"
703272,"UNITED SUPPLIERS, INC.","30473 260TH ST. ELDORA, IA 50627"
705782,UNITED TURF ALLIANCE LLC,"8014 CUMMING HWY SUITE 403-282 CANTON, GA 30115"
707803,"URB SCIENCES, INC","17 RAINTREE COURT HOLMDEL, NJ 07733"
703700,VALAGRO USA INC.,"P. O. BOX 20748 HOUSTON, TX 77225"
707821,"VALAGRO USA, INC.","2020 PONCE DE LEON BLVD., SUITE 1203 CORAL GABLES, FL 33134"
202380,VALLEY FEED MILL,"1211 EAST COKE ROAD WINNSBORO, TX 75494"
203692,"VALLEY PEANUT GROWERS ASSOC., INC.","P. O. BOX 98 TURKEY, TX 79261"
708818,VALUDOR PRODUCTS LLC,"179 CALLE MAGDALENA, SUITE 100 ENCINITAS, CA 92024"
708947,VAN IPEREN INTERNATIONAL B.V.,"SMIDSWEG 24WESTMAAS, THE NETHERLANDS  ZUID-HOLLARD3273LK Holland"
708162,VEGALAB,"2542 BUSINESS PARKWAY SUITE 2 MINDEN, NV 89423"
707547,VERDE AGRITECH PLC,"19 CEDAR ROADSUTTON, SURREYSM2 5DA, U.K. United Kingdom"
706243,VERDEFLO LLC,"7500 W. LAKE MEAD BLVD. , SUITE 9  #127 LAS VEGAS, NV 89128"
203105,"VERDEGAAL BROTHERS, INC.","13555 S. 11TH AVE. HANFORD, CA 93230"
706533,"VERDESIAN LIFE SCIENCES, U.S. , LLC","1001 WINSTEAD DRIVE SUITE 480 CARY, NC 27513"
707891,VERMICROP,"5050 ARBOGA ROAD OLIVEHURST, CA 95461"
706075,VERMICROP ORGANICS,"5050 ARBOGA RD. OLIVEHURST, CA 95961"
706552,VERMICROP ORGANICS,"5050 ARBOGA ROAD OLIVEHURST, CA 95961"
706482,"VF11 INDUSTRIES, INC.","400 JARVIS DRIVE MORGAN HILL, CA 95037"
706677,"VIATRAC FERTILIZER, LLC","1100 COTTONFORD ROAD CENTER, TX 75935"
708783,"VISIONARY FIBER TECHNOLOGIES, INC.","1400 BLACKJACK ST. LOCKHART, TX 78644"
203316,VITAL EARTH RESOURCES,"P. O. BOX 1148 GLADEWATER, TX 75647"
704110,"VITAL FERTILIZERS, LLC","1207 BUSINESS PARK DRIVE, STE. A - B MISSION, TX 78572"
202770,VITAMIN INSTITUTE,"12610 SATICOY STREET SOUTH NORTH HOLLYWOOD, CA 91605"
703299,"VITECH INDUSTRIES, INC.","P. O. BOX 604 MARICOPA, AZ 85139"
707286,VIVID LIFE SCIENCES LLC,"P. O. BOX 41632 MINNEAPOLIS, MN 55441"
700371,"VOGEL SEED & FERTILIZER, INC.","1891 SPRING VALLEY RD JACKSON, WI  53037"
200496,VOLUNTARY PURCHASING GROUPS INC,"230 N FM 87 BONHAM, TX 75418"
204131,"WALDEN FARM & RANCH SUPPLY, INC.","201 FAIRVIEW ROAD MILLSAP, TX 76066"
705483,WASATCH MINERALS,"308 SOUTH LEBARON MESA, AZ 85210"
200607,"WATSON BROS., INC.","P. O. BOX 1169 LEONARD, TX 75452"
700935,WATSON RANCH,"P. O. BOX 577 HAWKINS, TX 75765"
202645,"WATSON'S RANCH & FARM SUPPLY, INC.","P. O. BOX 246 HAMILTON, TX 76531"
705929,WELDON CHEMICAL LLC,"25 ROLAND AVE. MOUNT LAUREL, NJ 08054"
702952,"WELLS BROTHERS PET, LAWN & GARDEN SUPPLY","5001 AVENUE K PLANO, TX 75074"
706373,"WEST CENTRAL DISTRIBUTION, LLC.","P. O. BOX 897 WILLMAR, MN 56201"
204015,WEST FERTILIZER CO.,"P. O. BOX 399 WEST, TX 76691"
202898,"WEST TEXAS SERVICES, INC.","5104 34TH STREET LUBBOCK, TX 79410"
708411,WESTBRIDGE,"1260 AVENIDA CHELSEA VISTA, CA 92081"
202367,"WESTERN BLEND, INC.","P. O. BOX 705 DONA ANA, NM 88032"
204133,"WESTERN ORGANICS, INC.","P. O. BOX 25406 TEMPE, AZ 85285"
200533,"WESTPHALIA FERTILIZER & GRAIN, INC.","473 C.R. 370 LOTT, TX 76656-3588"
706168,"WESTWAY FEED PRODUCTS, LLC","14015 PARK DRIVE, SUITE 217 TOMBALL, TX 77377"
707378,"WHEELER AG, LLC","15868 HWY 152 WHEELER, TX 79096"
702575,WHITT AG SERVICE,"2366 FM 935 CHILTON, TX 76632"
708329,"WIGGIN'S WATERMELONS, LLC","P. O. BOX 596 SNOOK, TX 77836"
202439,WILBUR-ELLIS CO.,"P. O. BOX 667 FARWELL, TX 79325"
202440,WILBUR-ELLIS CO.,"P. O. BOX 1266 LITTLEFIELD, TX 79339"
202441,WILBUR-ELLIS CO.,"P. O. BOX 1388 HEREFORD, TX 79045"
202443,WILBUR-ELLIS CO.,"P. O. BOX 367 HART, TX 79043"
202446,WILBUR-ELLIS CO.,"P. O. BOX 572 ROSEBUD, TX 76570"
202448,WILBUR-ELLIS CO.,"3809 WEST MONTE CHRISTO EDINBURG, TX 78539"
202860,WILBUR-ELLIS CO.,"21204 REYNOLDS ROAD RIO HONDO, TX 78583"
203468,WILBUR-ELLIS CO.,"P. O. BOX 97 LOCKNEY, TX 79241"
203817,WILBUR-ELLIS CO.,"P. O. BOX 475 FRIONA, TX 79035"
703101,WILBUR-ELLIS CO.,"P. O. BOX 1968 DALHART, TX 79022"
201262,WILBUR-ELLIS COMPANY,"P. O. BOX 16458 FRESNO, CA 93715"
701518,WILBUR-ELLIS COMPANY,"P. O. BOX 188 EARTH, TX 79031"
701641,WILBUR-ELLIS COMPANY,"2695 FM 1524 DIMMITT, TX 79027"
708689,WILBUR-ELLIS COMPANY,"P. O. BOX 228 BATESVILLE, TX 78829"
706650,WILBUR-ELLIS COMPANY LLC,"7 E. WASHINGTON AVE. YAKIMA, WA 98903"
708112,"WILDROOT ORGANIC, INC.","PO BOX 4800 HORSESHOE BAY, TX 78657"
203713,WILLACY CO-OP,"P. O. BOX 795 RAYMONDVILLE, TX 78580"
200517,WILLIAMS GIN & GRAIN COMPANY,"P.O. BOX Y FROST, TX 76641"
200760,WILLIAMSON COUNTY GRAIN INC.,"P.O. BOX 31 TAYLOR, TX 76574"
701547,"WINFIELD SOLUTIONS, LLC","P. O. BOX 64589 ST. PAUL, MN 55164-0589"
708033,WINFIELD UNITED,"1413 FM 2378 LUBBOCK, TX 79407"
705957,WISEARTH,"P. O. BOX 261529 PLANO, TX 75014"
706293,WISERG CORPORATION,"15443 NE 95TH ST. REDMOND, WA 98052-2548"
706086,"WM CCP SOLUTION, LLC","4228 AIRPORT ROAD CINCINNATI, OH 45226"
200523,WOODSBORO FARMERS COOP.,"P.O. BOX 693 WOODSBORO, TX 78393"
203751,WOODSTREAM CORPORATION,"69 N. LOCUST ST. LITITZ, PA 17543"
704930,WORM POWER LLC,"1691 JENKS ROAD AVON, NY 14414"
708824,"XTRAGROW, LLC","202 N. GREAT SOUTHWEST PKWY GRAND PRAIRIE, TX 75050"
708246,"XVIRIDIS, LLC (DBA: XVIRITY)","360 HERNDON PARKWAY, SUITE 1400 HERNDON, VA 20170"
204000,"YARA NORTH AMERICA, INC.","100 N. TAMPA STREET, SUITE 3200 TAMPA, FL 33602"
703379,YARA UK LTD.,"MANOR PLACEWELLINGTON ROADTHE INDUSTIRAL ESTATEPOCKLINGTON, YORK U.K. Y042 1DN United Kingdom"
202510,YOAKUM GRAIN INC.,"P.O. BOX 48 YOAKUM, TX 77995"
201248,YOUNGBLOOD AG. CHEM. CO.,"337 LINDA VISTA LANE WACO, TX 76706-7218"
203833,"ZINC NACIONAL, S.A.","SERAFIN PENA 938 SURMONTERREY, N.L. MEXICO 64000 Mexico"
